3,NULL,3,NETWORK,11592,2023-11-29 08:49:39.023,NULL,NULL,1
6,NULL,3,PRINTER,11592,2023-11-29 13:15:06.640,11640,2023-11-30 09:02:07.120,1
8,NULL,3,LAPTOP,11592,2023-12-18 07:16:32.790,10892,2023-12-22 13:14:27.757,1
9,NULL,7,OTHERS,11592,2023-12-27 16:14:44.293,10892,2023-12-27 16:16:34.903,1
11,NULL,3,OTHERS,11592,2023-12-27 16:15:01.123,10892,2023-12-27 16:16:09.437,1
14,NULL,7,ANTIVIRUS,11592,2023-12-29 08:54:44.417,NULL,NULL,1
16,NULL,10,TALK TO ROCEL,11592,2024-01-11 09:08:09.793,11842,2024-01-25 13:16:26.077,0
28,NULL,7,GLOBODOX,10892,2024-02-15 10:06:02.047,NULL,NULL,1
36,NULL,22,PORTAL,11890,2024-03-04 09:17:08.857,NULL,NULL,1
37,NULL,22,DEVICE APPS,11890,2024-03-04 09:17:27.567,NULL,NULL,1
38,NULL,21,FREIGHT COST,11890,2024-03-04 09:17:39.400,NULL,NULL,1
39,NULL,21,SHIPMENTS,11890,2024-03-04 09:17:48.843,11890,2024-03-06 09:45:53.617,1
40,NULL,23,WMS,11890,2024-03-12 08:09:16.993,NULL,NULL,1
41,NULL,23,ISCADA,11890,2024-03-12 08:09:28.600,NULL,NULL,1
42,NULL,23,OTHERS,11890,2024-03-12 08:09:53.970,NULL,NULL,1
46,NULL,26,TIME-IN/TIME-OUT,11019,2024-03-12 08:46:33.913,NULL,NULL,1
47,NULL,26,TIMEKEEPING COMPLAINTS,11019,2024-03-12 08:46:50.857,NULL,NULL,1
48,NULL,27,PORTAL,11890,2024-03-12 09:09:00.170,NULL,NULL,1
49,NULL,7,PRINTER,11689,2024-03-18 16:11:38.967,NULL,NULL,1
50,NULL,28,ADVANCE ORDER,11887,2024-03-26 16:49:25.897,NULL,NULL,1
51,NULL,21,MATERIAL MANAGEMENT,90,2024-04-01 13:15:02.563,NULL,NULL,1
52,NULL,21,SALES AND DISTRIBUTION,90,2024-04-01 13:15:26.433,NULL,NULL,1
53,NULL,21,PRODUCTION PLANNING,90,2024-04-01 13:16:00.600,NULL,NULL,1
54,NULL,29,ATTENDANCE,10684,2024-04-02 08:56:24.227,NULL,NULL,1
55,NULL,29,INVENTORY,10684,2024-04-02 09:01:02.210,NULL,NULL,1
56,NULL,29,DELIVERY,10684,2024-04-02 09:01:08.153,NULL,NULL,1
57,NULL,29,ABIS,10684,2024-04-02 09:01:15.837,NULL,NULL,1
58,NULL,29,PRICE SURVEY,10684,2024-04-02 09:01:22.587,NULL,NULL,1
59,NULL,29,CHECK DISPLAY,10684,2024-04-02 09:01:29.303,NULL,NULL,1
60,NULL,29,STATUS REPORT,10684,2024-04-02 09:01:36.550,NULL,NULL,1
61,NULL,29,EXPENSE,10684,2024-04-02 09:01:42.147,NULL,NULL,1
62,NULL,29,INCIDENT REPORT,10684,2024-04-02 09:01:48.350,NULL,NULL,1
63,NULL,29,VIEW ATTENDANCE,10684,2024-04-02 09:01:55.890,NULL,NULL,1
64,NULL,29,VIEW LOGS,10684,2024-04-02 09:02:01.773,NULL,NULL,1
65,NULL,29,TIME IN/OUT,10684,2024-04-02 09:02:09.467,NULL,NULL,1
66,NULL,29,CHECK IN/OUT,10684,2024-04-02 09:02:14.570,NULL,NULL,1
67,NULL,29,CHANGE OFF/LEAVE FILING,10684,2024-04-02 09:02:29.480,NULL,NULL,1
68,NULL,29,DATA SYNCHING,10684,2024-04-02 09:02:40.313,NULL,NULL,1
69,NULL,29,VALIDATION & LOG IN,10684,2024-04-02 09:02:55.950,NULL,NULL,1
70,NULL,30,TIME KEEPING COMPLAINT,10684,2024-04-02 09:03:03.607,NULL,NULL,1
71,NULL,29,ALL MODULES,10684,2024-04-02 09:03:26.723,NULL,NULL,1
72,NULL,35,MERCHANDISER MAINTENANCE,10684,2024-04-02 09:13:37.980,NULL,NULL,1
73,NULL,35,SETTINGS AND MOBILE UPLOADER,10684,2024-04-02 09:13:42.950,NULL,NULL,1
74,NULL,35,ATTENDANCE,10684,2024-04-02 09:13:50.990,NULL,NULL,1
75,NULL,35,INVENTORY,10684,2024-04-02 09:13:56.430,NULL,NULL,1
76,NULL,35,DELIVERY,10684,2024-04-02 09:14:01.850,NULL,NULL,1
77,NULL,35,ABIS,10684,2024-04-02 09:14:06.907,NULL,NULL,1
78,NULL,35,STATUS REPORT,10684,2024-04-02 09:14:12.373,NULL,NULL,1
79,NULL,35,INCIDENT REPORT,10684,2024-04-02 09:14:17.790,NULL,NULL,1
80,NULL,35,CHECK DISPLAY,10684,2024-04-02 09:14:22.730,NULL,NULL,1
81,NULL,35,PRICE SURVEY,10684,2024-04-02 09:14:27.807,NULL,NULL,1
82,NULL,35,TIME KEEPING APPROVAL,10684,2024-04-02 09:14:32.350,NULL,NULL,1
83,NULL,35,REPORTS,10684,2024-04-02 09:14:37.510,NULL,NULL,1
84,NULL,35,EXPENSES,10684,2024-04-02 09:14:42.243,NULL,NULL,1
85,NULL,26,"PROCESS TYPE ",11019,2024-04-02 09:20:51.490,NULL,NULL,1
86,NULL,36,ATTENDANCE,11019,2024-04-02 09:21:52.950,NULL,NULL,1
87,NULL,36,CHANGE PASSWORD,11019,2024-04-02 09:22:04.647,NULL,NULL,1
88,NULL,36,ASSESSMENT RESULT,11019,2024-04-02 09:22:20.093,NULL,NULL,1
89,NULL,36,MY ATTENDANCE,11019,2024-04-02 09:22:29.103,NULL,NULL,1
90,NULL,26,ACCOUNT VALIDATION,11019,2024-04-02 09:22:52.217,NULL,NULL,1
91,NULL,26,CHANGE PASSWORD,11019,2024-04-02 09:23:08.607,NULL,NULL,1
92,NULL,37,AUDITOR MAINTENANCE PORTAL,10684,2024-04-02 09:29:49.333,NULL,NULL,1
93,NULL,37,CHECK DISPLAY PORTAL,10684,2024-04-02 09:29:53.977,NULL,NULL,1
94,NULL,37,VALIDATION AND LOG IN,10684,2024-04-02 09:29:58.830,NULL,NULL,1
95,NULL,37,ALL MODULES,10684,2024-04-02 09:30:04.087,NULL,NULL,1
96,NULL,37,CHECK DISPLAY APP,10684,2024-04-02 09:30:08.813,NULL,NULL,1
97,NULL,37,VIEW LOGS APP,10684,2024-04-02 09:30:14.580,NULL,NULL,1
98,NULL,25,EMPLOYEE INFORMATION,11019,2024-04-02 09:32:24.330,NULL,NULL,1
99,NULL,25,TRANSACTION-TK APPROVALS,11019,2024-04-02 09:32:48.513,NULL,NULL,1
100,NULL,25,REPORTS-DETAILED ATTENDANCE SUMMARY,11019,2024-04-02 09:33:10.413,NULL,NULL,1
102,NULL,37,AUDITOR APP SETTINGS,10684,2024-04-02 09:34:54.657,NULL,NULL,1
112,NULL,38,ORDERING ONLINE,10684,2024-04-02 09:40:30.307,NULL,NULL,1
113,NULL,38,MODEM,10684,2024-04-02 09:40:36.800,NULL,NULL,1
137,NULL,29,TIME KEEPING COMPLAINT,10684,2024-04-02 09:58:06.810,NULL,NULL,1
138,NULL,39,ADMINISTRATOR-FILE MAINTENANCE,11019,2024-04-02 10:21:42.810,NULL,NULL,1
139,NULL,39,ADMINISTRATOR-USER MANAGEMENT,11019,2024-04-02 10:21:53.493,NULL,NULL,1
140,NULL,39,ADMINISTRATOR-USER ROLES,11019,2024-04-02 10:22:01.780,NULL,NULL,1
141,NULL,39,ADMINISTRATOR-LEAVE TYPE,11019,2024-04-02 10:22:13.513,NULL,NULL,1
142,NULL,39,ADMINISTRATOR-LEAVE MANAGEMENT,11019,2024-04-02 10:22:18.930,NULL,NULL,1
143,NULL,39,ADMINISTRATOR-HOLIDAY LIST,11019,2024-04-02 10:22:25.250,NULL,NULL,1
144,NULL,39,ADMINISTRATOR-FORM APPROVAL,11019,2024-04-02 10:22:30.853,NULL,NULL,1
145,NULL,39,ADMINISTRATOR-SECTION MANAGER,11019,2024-04-02 10:22:37.000,NULL,NULL,1
146,NULL,39,201 EMPLOYEE-EMPLOYEE MASTERLIST,11019,2024-04-02 10:22:43.353,NULL,NULL,1
147,NULL,39,201 EMPLOYEE-EMPLOYEE COST CENTER,11019,2024-04-02 10:22:50.393,NULL,NULL,1
148,NULL,39,201 EMPLOYEE-MASS UPDATE,11019,2024-04-02 10:22:55.897,NULL,NULL,1
149,NULL,39,201 EMPLOYEE-DISABLED ACCOUNT DUE TO MULTIPLE LOGI,11019,2024-04-02 10:23:06.710,NULL,NULL,1
150,NULL,39,TRANSACTION-MANAGEMENT SINGLE,11019,2024-04-02 10:23:13.083,NULL,NULL,1
151,NULL,39,TIME-GENERATE DTR,11019,2024-04-02 10:23:18.170,NULL,NULL,1
152,NULL,39,TIME-SHIFT TABLE,11019,2024-04-02 10:23:23.290,NULL,NULL,1
153,NULL,39,TIME-PLOT SCHEDULE,11019,2024-04-02 10:23:33.393,NULL,NULL,1
154,NULL,39,TIME-PAYROLL PERIOD,11019,2024-04-02 10:23:38.410,NULL,NULL,1
155,NULL,39,TIME-MANUAL UPLOAD ATTENDANCE,11019,2024-04-02 10:23:43.583,NULL,NULL,1
156,NULL,39,TIME-VIEW ATTENDANCE,11019,2024-04-02 10:23:49.757,NULL,NULL,1
157,NULL,39,TIME-FIXED SCHEDULE,11019,2024-04-02 10:23:55.157,NULL,NULL,1
158,NULL,39,TIME-TIME SETTINGS,11019,2024-04-02 10:24:01.087,NULL,NULL,1
159,NULL,39,PAYROLL-GENERATE PAYSLIP,11019,2024-04-02 10:24:06.707,NULL,NULL,1
160,NULL,39,PAYROLL-FILE MAINTENANCE,11019,2024-04-02 10:24:12.610,NULL,NULL,1
161,NULL,39,PAYROLL-COMPENSATION,11019,2024-04-02 10:24:17.667,NULL,NULL,1
162,NULL,39,PAYROLL-OTHER ADDITION EMPLOYEE ENROLLMENT,11019,2024-04-02 10:24:24.347,NULL,NULL,1
163,NULL,39,PAYROLL-OTHER DEDUCTION EMPLOYEE ENROLLMENT,11019,2024-04-02 10:24:29.233,NULL,NULL,1
164,NULL,39,PAYROLL-EMPLOYEE LOANS ENROLLMENT,11019,2024-04-02 10:24:34.183,NULL,NULL,1
165,NULL,39,PAYROLL-GENERATE BONUS,11019,2024-04-02 10:24:40.097,NULL,NULL,1
166,NULL,39,PAYROLL-PAYROLL SETTINGS,11019,2024-04-02 10:24:45.097,NULL,NULL,1
167,NULL,39,REPORTS-EMPLOYEE REPORTS,11019,2024-04-02 10:24:49.793,NULL,NULL,1
168,NULL,39,REPORT-TIME,11019,2024-04-02 10:24:56.137,NULL,NULL,1
169,NULL,39,REPORTS-PAYROLL,11019,2024-04-02 10:25:01.497,NULL,NULL,1
170,NULL,39,REPORTS-TRANSACTION,11019,2024-04-02 10:25:06.563,NULL,NULL,1
171,NULL,40,USER MANAGEMENT,11887,2024-04-02 10:36:54.997,NULL,NULL,1
172,NULL,43,PROMO MANAGER,11887,2024-04-02 14:03:01.837,NULL,NULL,1
173,NULL,43,ET REPORTS,11887,2024-04-02 14:03:10.090,NULL,NULL,1
174,NULL,43,DATABASE,11887,2024-04-02 14:03:20.310,NULL,NULL,1
175,NULL,43,"MOVEMENTS ",11887,2024-04-02 14:03:26.643,NULL,NULL,1
176,NULL,43,STORE CONTROLLER,11887,2024-04-02 14:04:05.663,NULL,NULL,1
177,NULL,43,ET - PRODUCT MAINTENANCE,11887,2024-04-02 14:04:30.403,11887,2024-05-13 09:43:09.580,0
178,NULL,42,"BIOMETRIC ",11887,2024-04-02 14:04:55.820,NULL,NULL,1
179,NULL,42,CCTV,11887,2024-04-02 14:05:04.277,NULL,NULL,1
180,NULL,42,POS POLE DISPLAY,11887,2024-04-02 14:05:11.740,NULL,NULL,1
181,NULL,42,PRINTER,11887,2024-04-02 14:05:17.337,NULL,NULL,1
182,NULL,42,MOUSE AND KEYBOARD,11887,2024-04-02 14:05:24.727,NULL,NULL,1
183,NULL,42,MOUSE,11887,2024-04-02 14:05:31.240,NULL,NULL,1
184,NULL,42,KEYBOARD,11887,2024-04-02 14:05:40.567,NULL,NULL,1
185,NULL,42,PC,11887,2024-04-02 14:05:50.297,NULL,NULL,1
186,NULL,42,PLUG OF UPS,11887,2024-04-02 14:05:57.400,NULL,NULL,1
188,NULL,40,ORDERING,11887,2024-04-02 14:06:33.590,NULL,NULL,1
189,NULL,40,OTP,11887,2024-04-02 14:06:41.840,NULL,NULL,1
190,NULL,46,GCASH,11887,2024-04-02 14:07:42.127,11887,2024-04-25 10:08:25.477,0
191,NULL,46,PAYMAYA,11887,2024-04-02 14:07:49.920,11887,2024-04-25 10:08:39.743,0
192,NULL,28,PROMO MANAGER,11887,2024-04-02 14:08:06.503,11887,2024-04-02 14:22:32.870,0
193,NULL,28,ITEM GROUP SALES,11887,2024-04-02 14:08:37.797,11887,2024-04-25 10:05:39.980,1
194,NULL,43,RECEIVING,11887,2024-04-02 14:09:05.090,NULL,NULL,1
195,NULL,28,DISCOUNT,11887,2024-04-02 14:09:13.937,11887,2024-04-18 07:34:07.707,1
196,NULL,28,READING,11887,2024-04-02 14:09:22.633,NULL,NULL,1
197,NULL,45,VIBER,11887,2024-04-02 14:09:51.103,11887,2024-04-25 14:27:39.167,0
200,NULL,30,ALL MODULES,10684,2024-04-02 14:14:35.137,NULL,NULL,1
201,NULL,30,MY PERFOMANCE,10684,2024-04-02 14:14:42.587,NULL,NULL,1
202,NULL,30,ROUTE - MAP,10684,2024-04-02 14:14:50.887,NULL,NULL,1
203,NULL,30,ROUTE - INFO,10684,2024-04-02 14:14:57.560,NULL,NULL,1
204,NULL,30,ROUTE - TRANSACT,10684,2024-04-02 14:15:06.017,NULL,NULL,1
205,NULL,30,CUSTOMERS - INFO,10684,2024-04-02 14:15:12.557,NULL,NULL,1
206,NULL,30,CUSTOMERS - TRANSACT,10684,2024-04-02 14:15:18.453,NULL,NULL,1
207,NULL,30,MISC - TRANSACTION FOR THE DAY,10684,2024-04-02 14:15:36.557,NULL,NULL,1
208,NULL,30,MISC - FIELD REPORTS,10684,2024-04-02 14:15:42.820,NULL,NULL,1
209,NULL,30,MISC - PRICELIST,10684,2024-04-02 14:15:56.083,NULL,NULL,1
210,NULL,30,MISC - COMMERCIAL LIST,10684,2024-04-02 14:16:04.183,NULL,NULL,1
211,NULL,30,MISC - PRODUCT INFO,10684,2024-04-02 14:16:12.370,NULL,NULL,1
212,NULL,30,MISC - MUST CARRY REPORT,10684,2024-04-02 14:16:19.387,NULL,NULL,1
213,NULL,30,MISC - NOT BUYING CUSTOMER REPORT,10684,2024-04-02 14:16:25.233,NULL,NULL,1
214,NULL,30,MISC - VIEW ORDER,10684,2024-04-02 14:16:32.540,NULL,NULL,1
215,NULL,30,MISC - VIEW ADVANCE RETURNS,10684,2024-04-02 14:16:38.813,NULL,NULL,1
216,NULL,30,MISC - RETURNS,10684,2024-04-02 14:16:44.853,NULL,NULL,1
217,NULL,30,MISC - DAILY SALES REPORT,10684,2024-04-02 14:19:20.400,NULL,NULL,1
218,NULL,30,MISC - END TRANSACTIONS,10684,2024-04-02 14:19:27.597,NULL,NULL,1
219,NULL,30,ATTENDANCE,10684,2024-04-02 14:19:34.273,NULL,NULL,1
220,NULL,30,INVENTORY,10684,2024-04-02 14:19:41.543,NULL,NULL,1
221,NULL,30,DEPOSITS,10684,2024-04-02 14:19:47.627,NULL,NULL,1
222,NULL,30,ADMINISTRATOR USER,10684,2024-04-02 14:19:53.900,NULL,NULL,1
223,NULL,30,CHECKER USER,10684,2024-04-02 14:20:01.090,NULL,NULL,1
224,NULL,47,PRESELLING AREA,10684,2024-04-02 14:21:58.953,NULL,NULL,1
225,NULL,47,"ROUTE MANAGEMENT ",10684,2024-04-02 14:22:05.947,NULL,NULL,1
226,NULL,47,SYNCHING - DOWNLOAD,10684,2024-04-02 14:22:12.333,10684,2024-04-02 14:24:44.250,1
227,NULL,47,SYNCHING - UPLOAD,10684,2024-04-02 14:22:17.637,10684,2024-04-02 14:23:22.907,1
228,NULL,47,REPORTS - ORDERS,10684,2024-04-02 14:22:22.480,10684,2024-04-02 14:27:22.413,1
229,NULL,47,"REPORTS - PICKLIST SUMMARY ",10684,2024-04-02 14:22:27.087,10684,2024-04-02 14:27:35.987,1
230,NULL,47,FOR REVIEW - PRESELLING ORDERS,10684,2024-04-02 14:22:32.853,NULL,NULL,1
231,NULL,32,ALL MODULES,10684,2024-04-02 14:27:57.007,NULL,NULL,1
232,NULL,32,MY PERFOMANCE,10684,2024-04-02 14:28:04.007,NULL,NULL,1
233,NULL,32,ROUTE,10684,2024-04-02 14:28:09.963,NULL,NULL,1
234,NULL,32,INVENTORY,10684,2024-04-02 14:30:05.520,NULL,NULL,1
235,NULL,32,ROUTE - INFO,10684,2024-04-02 14:30:12.290,NULL,NULL,1
236,NULL,32,CUSTOMERS - AR PAYMENT,10684,2024-04-02 14:30:18.987,NULL,NULL,1
237,NULL,32,CUSTOMERS - TRANSACT,10684,2024-04-02 14:30:24.957,NULL,NULL,1
238,NULL,32,MISC - TRANSACTION FOR THE DAY,10684,2024-04-02 14:30:30.477,NULL,NULL,1
239,NULL,32,MISC - FUEL REPORTS,10684,2024-04-02 14:30:36.293,NULL,NULL,1
240,NULL,32,MISC - INCIDENT REPORTS,10684,2024-04-02 14:30:42.283,NULL,NULL,1
241,NULL,32,MISC - VIEW RETURNS,10684,2024-04-02 14:30:48.397,NULL,NULL,1
242,NULL,32,MISC - VIEW PRICELIST,10684,2024-04-02 14:30:59.167,NULL,NULL,1
243,NULL,32,MISC - VIEW COMMERCIAL LIST,10684,2024-04-02 14:31:06.967,NULL,NULL,1
244,NULL,32,MISC - PRODUCT INFO,10684,2024-04-02 14:31:13.493,NULL,NULL,1
245,NULL,32,MISC - DAILY SALES REPORT,10684,2024-04-02 14:31:22.147,NULL,NULL,1
246,NULL,32,MISC - MUST CARRY REPORT,10684,2024-04-02 14:32:05.980,NULL,NULL,1
247,NULL,32,MISC - NOT BUYING CUSTOMER REPORT,10684,2024-04-02 14:32:11.760,NULL,NULL,1
248,NULL,32,MISC - END TRANSACTIONS,10684,2024-04-02 14:32:17.400,NULL,NULL,1
249,NULL,32,ORDERING,10684,2024-04-02 14:35:59.210,NULL,NULL,1
250,NULL,32,ATTENDANCE,10684,2024-04-02 14:36:07.627,NULL,NULL,1
251,NULL,32,ADMINISTRATOR USER,10684,2024-04-02 14:36:13.977,NULL,NULL,1
252,NULL,32,CHECKER USER,10684,2024-04-02 14:36:20.463,NULL,NULL,1
253,NULL,48,MPOS AGGREGATION - DATA CHECKER,10684,2024-04-02 14:37:27.840,NULL,NULL,1
254,NULL,48,MPOS AGGREGATION - DB TO SDF,10684,2024-04-02 14:37:32.543,NULL,NULL,1
255,NULL,48,MPOS CONVERTER - SDF TO DB,10684,2024-04-02 14:37:37.507,NULL,NULL,1
256,NULL,49,ADMIN TOOLS - SDF UPLOAD,10684,2024-04-02 14:38:06.110,NULL,NULL,1
257,NULL,49,ADMIN TOOLS - SDF EXTRACT,10684,2024-04-02 14:38:12.477,NULL,NULL,1
258,NULL,31,ALL MODULES,10684,2024-04-02 14:43:18.777,NULL,NULL,1
259,NULL,31,ATTENDANCE,10684,2024-04-02 14:43:24.703,NULL,NULL,1
260,NULL,31,ROUTE - SALES CALL (ON SITE),10684,2024-04-02 14:43:30.893,NULL,NULL,1
261,NULL,31,ROUTE - SALES CALL (OFF SITE),10684,2024-04-02 14:43:37.383,NULL,NULL,1
262,NULL,31,ROUTE - SALES HISTORY,10684,2024-04-02 14:43:44.330,NULL,NULL,1
263,NULL,31,ROUTE - VIEW AR BALANCA,10684,2024-04-02 14:43:50.650,NULL,NULL,1
264,NULL,31,ROUTE - CUSTOMER INFO,10684,2024-04-02 14:43:55.853,NULL,NULL,1
265,NULL,31,ROUTE - DISER INFO,10684,2024-04-02 14:44:01.670,NULL,NULL,1
266,NULL,31,EXPENSE,10684,2024-04-02 14:44:10.490,NULL,NULL,1
267,NULL,31,CUSTOMERS - VIEW AR BALANCE,10684,2024-04-02 14:44:15.937,NULL,NULL,1
268,NULL,31,"CUSTOMERS - CUSTOMER INFO ",10684,2024-04-02 14:44:26.587,NULL,NULL,1
269,NULL,31,CUSTOMERS - DISER INFO,10684,2024-04-02 14:44:34.590,NULL,NULL,1
270,NULL,31,CUSTOMERS - VIEW INVENTORY,10684,2024-04-02 14:44:40.270,NULL,NULL,1
271,NULL,31,CUSTOMERS - VIEW ORDER,10684,2024-04-02 14:44:45.750,NULL,NULL,1
272,NULL,31,CUSTOMERS - CONTACT PERSON INFO,10684,2024-04-02 14:44:51.140,NULL,NULL,1
273,NULL,31,MISC - VIDEO COMMRCIALS,10684,2024-04-02 14:44:56.920,NULL,NULL,1
274,NULL,31,MISC - PRODUCT INFO,10684,2024-04-02 14:45:05.693,NULL,NULL,1
275,NULL,31,END TRANSACTIONS,10684,2024-04-02 14:45:11.963,NULL,NULL,1
276,NULL,31,ADMINISTRATOR USER,10684,2024-04-02 14:45:18.353,NULL,NULL,1
277,NULL,50,CUSTOMER DATA VIEWER - CUSTOMER DATA VIEWER,10684,2024-04-02 14:46:46.530,NULL,NULL,1
278,NULL,50,EXPENSE REPORT - SUMMARY,10684,2024-04-02 15:06:09.733,NULL,NULL,1
279,NULL,50,EXPENSE REPORT - EXPENSE REPORT,10684,2024-04-02 15:06:15.067,NULL,NULL,1
280,NULL,50,EXPENSE REPORT - CREATE,10684,2024-04-02 15:06:20.010,NULL,NULL,1
281,NULL,50,EXPENSE REPORT - FOR APPROVAL,10684,2024-04-02 15:06:25.110,NULL,NULL,1
282,NULL,50,EXPENSE REPORT - DENIED,10684,2024-04-02 15:07:04.983,NULL,NULL,1
283,NULL,50,EXPENSE REPORT - APPROVE,10684,2024-04-02 15:07:11.570,NULL,NULL,1
284,NULL,50,EXPENSE REPORT - SUBMITTED,10684,2024-04-02 15:07:16.573,NULL,NULL,1
285,NULL,50,EXPENSE REPORT - PENDING,10684,2024-04-02 15:07:21.423,NULL,NULL,1
286,NULL,50,ITINERARY MANAGEMENT - ROUTE SCHED,10684,2024-04-02 15:07:26.327,NULL,NULL,1
287,NULL,50,ITINERARY MANAGEMENT - ROUTE ARRANGEMENT,10684,2024-04-02 15:07:31.540,NULL,NULL,1
288,NULL,50,MASTERDATA MAINTENANCE - CHANGE PASSWORD,10684,2024-04-02 15:07:36.510,NULL,NULL,1
289,NULL,50,MASTERDATA MAINTENANCE - CUSTOMER INFO,10684,2024-04-02 15:07:41.463,NULL,NULL,1
290,NULL,50,MASTERDATA MAINTENANCE - PRICE SURVEY,10684,2024-04-02 15:07:47.003,NULL,NULL,1
291,NULL,50,MASTERDATA MAINTENANCE - CUSTOMER ORDER UOM,10684,2024-04-02 15:07:52.487,NULL,NULL,1
292,NULL,50,MASTERDATA MAINTENANCE - MATERIAL EXPIRATION,10684,2024-04-02 15:07:58.050,NULL,NULL,1
293,NULL,50,MASTERDATA MAINTENANCE - CUSTOMER STOCK LEVEL,10684,2024-04-02 15:08:04.707,NULL,NULL,1
294,NULL,50,MASTERDATA MAINTENANCE - MASTERDATA MAINTENANCE,10684,2024-04-02 15:08:09.560,NULL,NULL,1
295,NULL,50,MASTERDATA MAINTENANCE - EXPENSE TYPE,10684,2024-04-02 15:08:14.410,NULL,NULL,1
296,NULL,50,MASTERDATA MAINTENANCE - FIELD REPORT TYPE,10684,2024-04-02 15:08:19.790,NULL,NULL,1
297,NULL,50,MASTERDATA MAINTENANCE - DISPLAY TYPE,10684,2024-04-02 15:08:25.367,NULL,NULL,1
298,NULL,50,MASTERDATA MAINTENANCE - OUTLET SELLING PRICE,10684,2024-04-02 15:08:30.590,NULL,NULL,1
299,NULL,50,MASTERDATA MAINTENANCE - COMPETITORS SELLING PRICE,10684,2024-04-02 15:08:36.800,NULL,NULL,1
300,NULL,50,MASTERDATA MAINTENANCE - ACTIVITY TYPE,10684,2024-04-02 15:08:42.010,NULL,NULL,1
301,NULL,50,MERCHANDISER DATABASE - MERCHANDISER DATABASE,10684,2024-04-02 15:08:47.243,NULL,NULL,1
302,NULL,50,PRICE SURVEY - PRICE SURVEY,10684,2024-04-02 15:08:52.763,NULL,NULL,1
303,NULL,50,PRICE SURVEY - COMPETITORS PRICE SURVEY,10684,2024-04-02 15:08:57.907,NULL,NULL,1
304,NULL,50,PRICE SURVEY - OUTLET SELLING PRICE,10684,2024-04-02 15:09:03.400,NULL,NULL,1
305,NULL,50,REPORTS - DAILY ATTENDANCE,10684,2024-04-02 15:09:08.810,NULL,NULL,1
306,NULL,50,REPORTS - SALES REPORTS,10684,2024-04-02 15:09:13.810,NULL,NULL,1
307,NULL,50,REPORTS - ACTIVITY REPORTS,10684,2024-04-02 15:09:19.383,NULL,NULL,1
308,NULL,50,REPORTS - DISPLAY REPORTS,10684,2024-04-02 15:09:24.610,NULL,NULL,1
309,NULL,50,REPORTS - FIELD REPORTS,10684,2024-04-02 15:09:29.653,NULL,NULL,1
310,NULL,50,REPORTS - REPORTS,10684,2024-04-02 15:09:34.583,NULL,NULL,1
311,NULL,50,SALES REPORTS BY CHANNEL - SALES REPORTS,10684,2024-04-02 15:09:42.250,NULL,NULL,1
312,NULL,50,SYNCHING - SYNCHING,10684,2024-04-02 15:09:47.213,NULL,NULL,1
313,NULL,50,SYNCHING - UPLOAD DB,10684,2024-04-02 15:09:52.633,NULL,NULL,1
314,NULL,50,SYNCHING - DOWNLOAD DB,10684,2024-04-02 15:09:57.893,NULL,NULL,1
315,NULL,51,MASTERDATA MAINTENANCE - APPROVAL MAINTENANCE,10684,2024-04-02 15:28:38.260,NULL,NULL,1
316,NULL,51,APPROVAL - PENDING FOR APPROVAL,10684,2024-04-02 15:28:44.167,NULL,NULL,1
317,NULL,51,APPROVAL - APPROVAL LOGS,10684,2024-04-02 15:30:56.320,NULL,NULL,1
318,NULL,51,REPORTS - PROGRESS REPORT,10684,2024-04-02 15:31:02.033,NULL,NULL,1
319,NULL,51,APPROVAL - ALL PENDING APPROVAL,10684,2024-04-02 15:31:06.640,NULL,NULL,1
320,NULL,51,CUSTOMER MAINTENANCE - CUSTOMER MAINTENANCE,10684,2024-04-02 15:31:11.430,NULL,NULL,1
321,NULL,43,ET SERVER,11887,2024-04-03 07:19:26.400,11887,2024-04-25 10:01:38.810,1
322,NULL,36,LOGIN,11019,2024-04-03 08:59:26.947,NULL,NULL,1
323,NULL,52,USER ACCESS,10684,2024-04-03 10:23:06.363,NULL,NULL,1
324,NULL,53,ORDERING,11619,2024-04-04 08:12:15.493,NULL,NULL,1
325,NULL,53,SALES-ORDERING,11619,2024-04-04 08:26:04.690,NULL,NULL,1
326,NULL,53,SALES-STOCK RECEIVING,11619,2024-04-04 08:27:15.753,NULL,NULL,1
327,NULL,53,SALES-SALES ORDER,11619,2024-04-04 08:27:34.603,NULL,NULL,1
328,NULL,53,SALES-DELIVERY,11619,2024-04-04 08:27:45.510,NULL,NULL,1
329,NULL,53,SALES-BILLING,11619,2024-04-04 08:27:58.080,NULL,NULL,1
330,NULL,53,SALES-RETURNS,11619,2024-04-04 08:28:11.453,NULL,NULL,1
331,NULL,53,WAREHOUSE-VIEW INVENTORY,11619,2024-04-04 08:28:48.173,NULL,NULL,1
332,NULL,53,WAREHOUSE-PURCHASE ORDER,11619,2024-04-04 08:29:02.340,NULL,NULL,1
333,NULL,53,WAREHOUSE-GOODS RECEIVING,11619,2024-04-04 08:29:22.040,NULL,NULL,1
334,NULL,53,WAREHOUSE-RETURN TO VENDOR,11619,2024-04-04 08:29:39.800,NULL,NULL,1
335,NULL,53,WAREHOUSE-STOCK REQUEST,11619,2024-04-04 08:29:56.990,NULL,NULL,1
336,NULL,53,WAREHOUSE-ORDER PROCESSING,11619,2024-04-04 08:30:12.737,NULL,NULL,1
337,NULL,53,WAREHOUSE-RECIEVING RETURNS,11619,2024-04-04 08:30:43.137,NULL,NULL,1
338,NULL,53,WAREHOUSE-PHYSICAL INVENTORY POSTING,11619,2024-04-04 08:31:02.363,NULL,NULL,1
339,NULL,53,WAREHOUSE-GOOD ISSUANCE-STOCK TRANSFER,11619,2024-04-04 08:31:26.997,NULL,NULL,1
340,NULL,53,WAREHOUSE-GOOD ISSUANCE-INVOICING,11619,2024-04-04 08:31:52.673,NULL,NULL,1
341,NULL,53,ACCOUNTING-COLLECTION,11619,2024-04-04 08:36:52.040,NULL,NULL,1
342,NULL,53,ACCOUNTING-AR,11619,2024-04-04 08:37:05.643,NULL,NULL,1
343,NULL,53,ACCOUNTING-EXPENSE,11619,2024-04-04 08:37:18.490,NULL,NULL,1
344,NULL,53,ACCOUNTING-EXPENSE CLEARING,11619,2024-04-04 08:37:31.830,NULL,NULL,1
345,NULL,53,ACCOUNTING-EXPENSE VIEWING,11619,2024-04-04 08:37:48.213,NULL,NULL,1
346,NULL,53,ADMINISTRATION - CONVERSION,11619,2024-04-04 08:40:35.560,NULL,NULL,1
347,NULL,53,ADMINISTRATION - MASTERDATA,11619,2024-04-04 08:41:01.170,NULL,NULL,1
348,NULL,53,REPORTS - SALES - COLLECTION TURNOVER,11619,2024-04-04 08:51:52.210,NULL,NULL,1
349,NULL,53,REPORTS - SALES - DAILY,11619,2024-04-04 08:52:14.753,NULL,NULL,1
350,NULL,53,REPORTS - ADVANCED DAILY SALES REPORTS,11619,2024-04-04 08:52:36.443,NULL,NULL,1
351,NULL,53,REPORTS - RAW DATA,11619,2024-04-04 08:52:58.117,NULL,NULL,1
352,NULL,53,REPORTS - BAD ORDERS,11619,2024-04-04 08:53:11.863,NULL,NULL,1
353,NULL,53,REPORTS - EXPENSES,11619,2024-04-04 08:53:29.487,NULL,NULL,1
354,NULL,53,REPORTS - FREQUENCY,11619,2024-04-04 08:53:45.460,NULL,NULL,1
355,NULL,53,REPORTS - ODOMETER READING,11619,2024-04-04 08:54:01.090,NULL,NULL,1
356,NULL,53,REPORTS - PERFECT STORE,11619,2024-04-04 08:54:16.463,NULL,NULL,1
357,NULL,53,REPORTS - PRODUCTIVITY,11619,2024-04-04 08:54:41.510,NULL,NULL,1
358,NULL,53,REPORTS - STORE CHECK IN,11619,2024-04-04 08:55:07.670,NULL,NULL,1
359,NULL,53,REPORTS - DPOS ACTIVITY REPORT,11619,2024-04-04 08:55:34.680,NULL,NULL,1
360,NULL,53,REPORTS - MONHTLY PRODUCTIVITY REPORT,11619,2024-04-04 08:56:07.183,NULL,NULL,1
361,NULL,53,REPORTS - INVENTORY & TRANSIT,11619,2024-04-04 08:56:36.640,NULL,NULL,1
362,NULL,53,REPORTS - SELL-IN AND SELL-OUT,11619,2024-04-04 08:56:57.110,NULL,NULL,1
363,NULL,53,REPORTS - 3P DELIVERY COST SUMMARY,11619,2024-04-04 08:57:24.663,NULL,NULL,1
364,NULL,33,LOGIN,11619,2024-04-04 09:12:26.127,NULL,NULL,1
365,NULL,33,INVENTORY ACCEPTANCE,11619,2024-04-04 09:12:49.833,NULL,NULL,1
366,NULL,33,PRINTING,11619,2024-04-04 09:13:08.267,11619,2024-04-04 09:13:39.480,0
367,NULL,33,"PRINTER ",11619,2024-04-04 09:13:32.410,NULL,NULL,1
368,NULL,33,MY PERFORMANCE,11619,2024-04-04 09:14:46.437,NULL,NULL,1
369,NULL,33,ROUTE,11619,2024-04-04 09:15:09.970,NULL,NULL,1
370,NULL,33,INVENTORY,11619,2024-04-04 09:15:50.080,NULL,NULL,1
371,NULL,33,STOCK RECEIVING,11619,2024-04-04 09:16:01.190,NULL,NULL,1
372,NULL,33,CUSTOMERS,11619,2024-04-04 09:16:16.813,NULL,NULL,1
373,NULL,33,CUSTOMERS - NEW CUSTOMER,11619,2024-04-04 09:16:31.667,NULL,NULL,1
374,NULL,33,CUSTOMERS - INFO,11619,2024-04-04 09:16:47.797,NULL,NULL,1
375,NULL,33,CUSTOMERS - MAP,11619,2024-04-04 09:17:03.883,NULL,NULL,1
376,NULL,33,CUSTOMERS - AR PAYMENT,11619,2024-04-04 09:17:17.883,NULL,NULL,1
377,NULL,33,CUSTOMERS - TRANSACT,11619,2024-04-04 09:17:30.027,NULL,NULL,1
378,NULL,33,TRANSACTION,11619,2024-04-04 09:17:43.200,NULL,NULL,1
379,NULL,33,MISC - TRANSACTION OF THE DAY,11619,2024-04-04 09:18:01.400,NULL,NULL,1
380,NULL,33,MISC - FUEL REPORTS,11619,2024-04-04 09:18:39.247,NULL,NULL,1
381,NULL,33,MISC - INCIDENT REPORTS,11619,2024-04-04 09:18:55.033,NULL,NULL,1
382,NULL,33,MISC - VIEW RETURNS,11619,2024-04-04 09:19:12.580,NULL,NULL,1
383,NULL,33,MISC - VIEW PRICELIST,11619,2024-04-04 09:19:27.363,NULL,NULL,1
384,NULL,33,MISC - VIEW COMMERCIAL LIST,11619,2024-04-04 09:19:42.743,NULL,NULL,1
385,NULL,42,WIFI MODEM,11887,2024-04-04 09:19:48.497,11887,2024-10-14 13:48:51.190,0
386,NULL,33,MISC - VIEW PRODUCT INFO,11619,2024-04-04 09:19:57.793,NULL,NULL,1
387,NULL,33,MISC - DAILY SALES REPORT,11619,2024-04-04 09:20:10.393,NULL,NULL,1
388,NULL,33,MISC - MUST CARRY REPORT,11619,2024-04-04 09:20:23.747,NULL,NULL,1
389,NULL,33,MISC - NOT BUYING CUSTOMER REPORT,11619,2024-04-04 09:20:45.693,NULL,NULL,1
390,NULL,33,MISC - END TRANSCATION,11619,2024-04-04 09:21:04.007,NULL,NULL,1
391,NULL,33,DEPOSITS,11619,2024-04-04 09:21:16.220,NULL,NULL,1
392,NULL,33,ORDERING,11619,2024-04-04 09:21:26.257,NULL,NULL,1
393,NULL,33,ATTENDANCE,11619,2024-04-04 09:21:37.047,NULL,NULL,1
394,NULL,33,LOGOUT,11619,2024-04-04 09:21:48.530,NULL,NULL,1
395,NULL,39,HRIS-EMPLOYEE PORTAL (NORMAL USER),11019,2024-04-04 09:23:29.470,NULL,NULL,1
396,NULL,58,SALES REPORTS AND DASHBOARDS,43,2024-04-04 09:28:32.210,NULL,NULL,1
397,NULL,58,ACCOUNTING REPORTS AND DASHBOARDS,43,2024-04-04 09:28:52.003,NULL,NULL,1
398,NULL,58,MARKETING REPORTS AND DASHBOARDS,43,2024-04-04 09:29:09.147,NULL,NULL,1
399,NULL,58,LOGISTICS REPORTS AND DASHBOARDS,43,2024-04-04 09:29:24.507,NULL,NULL,1
400,NULL,58,HR REPORTS AND DASHBOARDS,43,2024-04-04 09:30:15.563,NULL,NULL,1
401,NULL,58,MAINTENANCE REPORTS AND DASHBOARDS,43,2024-04-04 09:30:40.947,NULL,NULL,1
402,NULL,33,DEVICE - HARDWARE,11619,2024-04-04 09:31:26.703,NULL,NULL,1
403,NULL,33,DEVICE - SOFTWARE,11619,2024-04-04 09:31:39.023,NULL,NULL,1
404,NULL,33,"DEVICE - ACCESSORIES ",11619,2024-04-04 09:32:23.717,NULL,NULL,1
405,NULL,33,DATABASE,11619,2024-04-04 09:32:34.480,NULL,NULL,1
406,NULL,53,OTP,11619,2024-04-04 09:34:19.810,NULL,NULL,1
407,NULL,58,RAW DATA,43,2024-04-04 09:34:44.040,NULL,NULL,1
408,NULL,43,ET - PRODUCT MAINTENANCE,11887,2024-04-04 09:40:12.197,11887,2024-05-13 09:42:51.210,1
409,NULL,28,TENDER PAYMENTS,11887,2024-04-04 17:05:15.713,NULL,NULL,1
410,NULL,39,HRIS-DATABASE SERVER,11019,2024-04-05 08:10:09.973,NULL,NULL,1
411,NULL,39,HRIS-APACHE SERVER,11019,2024-04-05 08:10:21.560,NULL,NULL,1
412,NULL,44,ET SERVER,11887,2024-04-05 16:10:55.237,11887,2024-04-25 10:09:50.790,1
413,NULL,7,MICROSOFT 0365,10892,2024-04-09 15:14:01.117,NULL,NULL,1
414,NULL,60,CONVERGE,10892,2024-04-09 15:15:14.960,NULL,NULL,1
415,NULL,60,PLDT,10892,2024-04-09 15:15:26.197,NULL,NULL,1
416,NULL,60,RADIUS,10892,2024-04-09 15:15:39.347,NULL,NULL,1
417,NULL,60,FIREWALL,10892,2024-04-09 15:15:48.053,NULL,NULL,1
418,NULL,3,COMPUTER AND LAPTOPS,10892,2024-04-09 15:16:37.930,NULL,NULL,1
419,NULL,7,EMAIL,10892,2024-04-09 15:19:33.153,NULL,NULL,1
420,NULL,60,DOMAINS,10892,2024-04-09 15:19:56.580,NULL,NULL,1
421,NULL,60,SYNOLOGY,10892,2024-04-10 10:48:56.683,NULL,NULL,1
422,NULL,3,UPS,11689,2024-04-10 15:57:56.150,NULL,NULL,1
423,NULL,41,RED FIBER,11887,2024-04-11 09:16:30.250,11887,2024-04-25 09:45:27.660,0
424,NULL,41,PLDT,11887,2024-04-11 09:16:41.580,11887,2024-04-25 09:45:44.420,0
425,NULL,59,DELIVERY EXTRACTOR APP,11887,2024-04-11 09:32:42.530,NULL,NULL,1
426,NULL,28,CIMS POS,11887,2024-04-11 09:46:23.153,NULL,NULL,1
427,NULL,43,CIMS POS,11887,2024-04-11 09:49:08.170,NULL,NULL,1
428,NULL,46,SMART/GLOBE,11887,2024-04-11 10:50:52.257,11887,2024-04-16 17:16:49.290,1
429,NULL,46,PLDT,11887,2024-04-11 10:51:34.670,11887,2024-07-09 16:26:35.713,0
430,NULL,46,RED FIBER,11887,2024-04-11 10:51:41.707,11887,2024-10-14 13:48:20.520,0
431,NULL,43,DTM,11887,2024-04-11 10:54:02.167,11887,2024-04-25 10:11:48.287,1
432,NULL,42,POLE DISPLAY,11887,2024-04-11 10:55:22.270,NULL,NULL,1
433,NULL,28,CASH OUT,11887,2024-04-11 10:56:51.870,NULL,NULL,1
434,NULL,7,OPERATING SYSTEM,11689,2024-04-13 09:54:59.247,NULL,NULL,1
435,NULL,61,FACT REPORTS,11887,2024-04-15 09:01:27.560,11887,2024-05-07 09:05:47.953,1
436,NULL,43,CIMS APPS,11887,2024-04-16 09:48:10.383,NULL,NULL,1
437,NULL,43,DELIVERY EXTRACTOR,11887,2024-04-18 07:38:50.207,11887,2024-04-25 10:15:41.453,0
438,NULL,61,"FACT ",11887,2024-04-18 07:44:27.193,11887,2024-05-07 09:05:34.583,1
439,NULL,40,LSBIZ PORTAL,11887,2024-04-18 07:47:41.683,11887,2024-04-26 14:30:34.667,0
440,NULL,42,UPS,11887,2024-04-18 15:03:04.547,NULL,NULL,1
441,NULL,7,SYNOLOGY,11689,2024-04-19 07:12:44.673,NULL,NULL,1
442,NULL,43,ET - CUSTOMER MAINTENANCE,11887,2024-04-19 07:26:09.860,11887,2024-05-13 09:42:33.043,1
443,NULL,43,ET - BACK OFFICE MAINTENANCE,11887,2024-04-19 07:30:50.740,11887,2024-05-13 09:42:12.183,1
444,NULL,28,RECEIPT,11887,2024-04-19 14:36:37.603,NULL,NULL,1
445,NULL,28,PAID OUT,11887,2024-04-19 14:44:32.117,11887,2024-07-10 14:05:03.107,1
446,NULL,7,OFFICE 2016,11689,2024-04-23 08:22:45.637,NULL,NULL,1
447,NULL,62,BROKEN SCREEN,10684,2024-04-25 08:13:25.780,NULL,NULL,1
448,NULL,62,BLOATED BATTERY,10684,2024-04-25 08:30:49.670,NULL,NULL,1
449,NULL,62,HANG DEVICE,10684,2024-04-25 08:30:54.443,NULL,NULL,1
450,NULL,62,BROKEN CAMERA,10684,2024-04-25 08:30:59.453,NULL,NULL,1
451,NULL,62,BLACK OUT SCREEN,10684,2024-04-25 08:31:05.260,NULL,NULL,1
452,NULL,62,FAST DRAIN BATTERY,10684,2024-04-25 08:31:11.227,NULL,NULL,1
453,NULL,62,SAFE MODE,10684,2024-04-25 08:31:19.087,NULL,NULL,1
454,NULL,62,LOST DEVICE,10684,2024-04-25 08:31:25.460,NULL,NULL,1
455,NULL,62,STOLEN DEVICE,10684,2024-04-25 08:31:30.477,NULL,NULL,1
456,NULL,62,NO SIGNAL,10684,2024-04-25 08:31:35.573,NULL,NULL,1
457,NULL,62,ROBBED DEVICE,10684,2024-04-25 08:31:41.187,NULL,NULL,1
458,NULL,62,BLINKING DEVICE,10684,2024-04-25 08:31:48.870,NULL,NULL,1
459,NULL,62,DIDN'T POWER ON,10684,2024-04-25 08:31:54.197,NULL,NULL,1
460,NULL,62,NOT CHARGING,10684,2024-04-25 08:31:59.283,NULL,NULL,1
461,NULL,62,WATER DAMAGE,10684,2024-04-25 08:32:04.240,NULL,NULL,1
462,NULL,62,HARD TOUCH,10684,2024-04-25 08:32:08.530,NULL,NULL,1
463,NULL,63,BROKEN SCREEN,10684,2024-04-25 08:32:16.430,NULL,NULL,1
464,NULL,63,BLOATED BATTERY,10684,2024-04-25 08:32:24.683,NULL,NULL,1
465,NULL,63,HANG DEVICE,10684,2024-04-25 08:32:29.553,NULL,NULL,1
466,NULL,63,BROKEN CAMERA,10684,2024-04-25 08:32:35.117,NULL,NULL,1
467,NULL,63,BLACK OUT SCREEN,10684,2024-04-25 08:32:40.033,NULL,NULL,1
468,NULL,63,FAST DRAIN BATTERY,10684,2024-04-25 08:32:45.220,NULL,NULL,1
469,NULL,63,SAFE MODE,10684,2024-04-25 08:32:49.697,NULL,NULL,1
470,NULL,63,LOST DEVICE,10684,2024-04-25 08:32:55.127,NULL,NULL,1
471,NULL,63,STOLEN DEVICE,10684,2024-04-25 08:32:59.477,NULL,NULL,1
472,NULL,63,NO SIGNAL,10684,2024-04-25 08:33:03.600,NULL,NULL,1
473,NULL,63,ROBBED DEVICE,10684,2024-04-25 08:33:07.927,NULL,NULL,1
474,NULL,63,BLINKING DEVICE,10684,2024-04-25 08:33:14.173,NULL,NULL,1
475,NULL,63,DIDN'T POWER ON,10684,2024-04-25 08:33:20.880,NULL,NULL,1
476,NULL,63,NOT CHARGING,10684,2024-04-25 08:38:41.843,NULL,NULL,1
477,NULL,63,WATER DAMAGE,10684,2024-04-25 08:38:46.617,NULL,NULL,1
478,NULL,63,HARD TOUCH,10684,2024-04-25 08:38:51.263,NULL,NULL,1
479,NULL,64,BROKEN SCREEN,10684,2024-04-25 08:38:57.273,NULL,NULL,1
480,NULL,64,BLOATED BATTERY,10684,2024-04-25 08:39:03.777,NULL,NULL,1
481,NULL,64,HANG DEVICE,10684,2024-04-25 08:39:09.197,NULL,NULL,1
482,NULL,64,BROKEN CAMERA,10684,2024-04-25 08:39:16.130,NULL,NULL,1
483,NULL,64,BLACK OUT SCREEN,10684,2024-04-25 08:39:20.100,NULL,NULL,1
484,NULL,64,FAST DRAIN BATTERY,10684,2024-04-25 08:39:24.287,NULL,NULL,1
485,NULL,64,SAFE MODE,10684,2024-04-25 08:39:28.680,NULL,NULL,1
486,NULL,64,LOST DEVICE,10684,2024-04-25 08:39:34.243,NULL,NULL,1
487,NULL,64,STOLEN DEVICE,10684,2024-04-25 08:41:40.483,NULL,NULL,1
488,NULL,64,NO SIGNAL,10684,2024-04-25 08:42:14.540,NULL,NULL,1
489,NULL,64,ROBBED DEVICE,10684,2024-04-25 08:42:21.187,NULL,NULL,1
490,NULL,64,BLINKING DEVICE,10684,2024-04-25 08:42:40.160,NULL,NULL,1
491,NULL,64,DIDN'T POWER ON,10684,2024-04-25 08:42:45.490,NULL,NULL,1
492,NULL,64,NOT CHARGING,10684,2024-04-25 08:42:50.310,NULL,NULL,1
493,NULL,64,WATER DAMAGE,10684,2024-04-25 08:42:54.887,NULL,NULL,1
494,NULL,64,HARD TOUCH,10684,2024-04-25 08:43:00.613,NULL,NULL,1
495,NULL,65,PRINTHEAD NOT FOUND,10684,2024-04-25 08:43:38.350,NULL,NULL,1
496,NULL,65,STOLEN PRINTER,10684,2024-04-25 08:43:47.523,NULL,NULL,1
497,NULL,65,LOST PRINTER,10684,2024-04-25 08:43:53.113,NULL,NULL,1
498,NULL,65,BROKEN PRINTER,10684,2024-04-25 08:43:58.043,NULL,NULL,1
499,NULL,65,DEFFECTIVE PRINTER,10684,2024-04-25 08:44:03.443,NULL,NULL,1
500,NULL,65,BROKEN BATTERY CLIP,10684,2024-04-25 08:44:08.883,NULL,NULL,1
501,NULL,65,NOT PRINTING,10684,2024-04-25 08:44:13.393,NULL,NULL,1
502,NULL,65,LOOSE PRINTER,10684,2024-04-25 08:44:18.470,NULL,NULL,1
503,NULL,44,DELIVERY EXTRACTOR,11887,2024-04-25 09:06:00.657,11887,2024-04-25 09:59:16.970,0
504,NULL,66,GCASH,11887,2024-04-25 09:52:32.420,NULL,NULL,1
505,NULL,66,PAYMAYA,11887,2024-04-25 09:52:42.593,NULL,NULL,1
506,NULL,44,ET SERVER,11887,2024-04-25 09:58:20.237,11887,2024-04-25 10:10:59.253,0
507,NULL,42,MONITOR,11887,2024-04-25 10:02:55.820,NULL,NULL,1
508,NULL,10,FACT,11887,2024-04-25 10:23:25.670,11887,2024-10-14 13:47:56.257,1
509,NULL,42,FOOD PANDA DEVICE,11887,2024-04-25 14:32:25.977,11887,2024-10-14 13:46:55.260,0
510,NULL,67,NO DATA BUT HAVE CALL & TEXT LOAD,10684,2024-04-27 08:10:58.527,NULL,NULL,1
511,NULL,67,"NO DATA, CALL & TEXT",10684,2024-04-27 08:11:11.730,NULL,NULL,1
512,NULL,42,TABLET,11887,2024-05-02 08:05:05.193,11887,2024-10-14 13:46:46.063,0
513,NULL,42,GRAB DEVICE,11887,2024-05-03 09:53:02.203,11887,2024-10-14 13:46:33.307,0
514,NULL,30,RETURN TRANSACTIONS PROBLEM,10684,2024-05-06 14:08:13.763,NULL,NULL,1
515,NULL,68,OTHERS,11528,2024-05-08 17:09:30.917,NULL,NULL,1
516,NULL,3,SCANNER,11689,2024-05-11 07:51:45.130,NULL,NULL,1
517,NULL,60,GLOBE,11592,2024-05-16 09:41:11.803,NULL,NULL,1
518,NULL,3,STARLINK,10892,2024-05-16 10:10:27.890,NULL,NULL,1
519,NULL,46,RADIUS,10893,2024-05-17 21:26:12.337,NULL,NULL,1
520,NULL,42,LAPTOP,10893,2024-05-27 09:26:17.703,NULL,NULL,1
521,NULL,65,PRINTING PROBLEM,10684,2024-05-27 15:57:58.323,NULL,NULL,1
522,NULL,42,POS,10893,2024-05-27 16:50:21.803,NULL,NULL,1
523,NULL,46,CONVERGE,10893,2024-05-28 07:05:35.280,NULL,NULL,1
524,NULL,41,INTERNET PROVIDER,11887,2024-05-28 07:13:11.210,11887,2024-05-28 07:16:11.100,0
525,NULL,69,OPERATING SYSTEM,10893,2024-06-01 14:37:00.783,NULL,NULL,1
526,NULL,46,GLOBE,10893,2024-06-04 10:47:19.573,NULL,NULL,1
527,NULL,43,POS REPORTS,11887,2024-06-06 08:54:05.690,NULL,NULL,1
528,NULL,68,BREAK START-BREAK END,11019,2024-06-13 13:49:01.357,NULL,NULL,1
529,NULL,69,EMAIL,10893,2024-06-21 10:16:38.833,NULL,NULL,1
530,NULL,69,"MICROSOFT OFFICE ",10893,2024-06-21 10:18:11.897,NULL,NULL,1
531,NULL,69,SOFTWARE APPLICATION,10893,2024-06-21 10:18:42.833,NULL,NULL,1
532,NULL,42,MOBILE PHONE,10893,2024-06-21 13:51:43.660,NULL,NULL,1
533,NULL,21,REQUEST REDOWNLOAD,10684,2024-06-26 07:29:32.490,10684,2024-07-11 14:12:13.360,0
534,NULL,64,OTHERS,10684,2024-06-27 07:26:19.670,NULL,NULL,1
535,NULL,70,PROMOS,10684,2024-07-01 09:31:21.473,NULL,NULL,1
536,NULL,70,ORDERING CONCERN,10684,2024-07-01 09:32:41.020,10684,2024-07-01 14:10:55.850,1
537,NULL,70,ORDER HISTORY,10684,2024-07-01 09:32:55.050,NULL,NULL,1
538,NULL,70,ALL MODULES,10684,2024-07-01 09:33:04.937,NULL,NULL,1
539,NULL,71,TIME-IN/TIME-OUT,11019,2024-07-09 15:42:28.613,NULL,NULL,1
540,NULL,46,"PLDT ",11887,2024-07-09 16:27:57.807,11887,2024-07-09 16:28:58.833,0
541,NULL,28,PAID IN,11887,2024-07-09 16:30:18.800,NULL,NULL,1
542,NULL,43,PURCHASING,11887,2024-07-09 16:32:12.077,NULL,NULL,1
543,NULL,46,PLDT,10893,2024-07-09 16:48:26.013,NULL,NULL,1
544,NULL,72,EXTRACT ATTENDANCE,11019,2024-07-09 16:51:43.737,NULL,NULL,1
545,NULL,3,SERVER,10892,2024-07-15 07:08:12.240,NULL,NULL,1
546,NULL,73,PAYMENT PROBLEM,10684,2024-07-22 17:43:52.743,NULL,NULL,1
547,NULL,73,SO PROBLEM,10684,2024-07-22 17:46:24.277,NULL,NULL,1
548,NULL,74,OTHERS,11887,2024-07-29 09:17:54.547,11887,2024-08-06 17:11:46.010,1
549,NULL,74,REPLACEMENT,11887,2024-07-29 09:18:14.500,11887,2024-08-06 17:11:34.847,1
550,NULL,74,REPAIR,11887,2024-07-29 09:18:30.027,11887,2024-08-06 17:11:23.643,1
551,NULL,74,INSTALLATION,11887,2024-07-29 09:18:53.730,11887,2024-08-06 17:11:12.893,1
552,NULL,74,CLEANING,11887,2024-07-29 09:19:13.033,11887,2024-08-06 17:10:54.867,1
553,NULL,74,CHECK UP,11887,2024-07-29 09:19:31.850,11887,2024-08-06 17:10:43.000,1
554,NULL,74,FOOD SAFETY CONCERN,11887,2024-07-29 09:19:54.843,11887,2024-08-06 17:10:21.000,1
555,NULL,74,EGG ROOM (PRD2-PREM-EGG2),11887,2024-07-29 09:20:20.123,11887,2024-08-06 17:09:04.607,0
556,NULL,74,TONELLI (PRD2-TONE),11887,2024-07-29 09:20:47.110,11887,2024-08-06 17:08:53.963,0
557,NULL,74,WAREHOUSE,11887,2024-07-29 09:20:56.003,11887,2024-08-06 17:08:42.670,0
558,NULL,74,ACCOUNTING,11887,2024-07-29 09:21:06.593,11887,2024-08-06 17:08:36.930,0
559,NULL,74,CANTEEN (UTIL-LIBT-UTIL-CANT),11887,2024-07-29 09:21:39.013,11887,2024-08-06 17:08:30.687,0
560,NULL,74,ENGINEERING BUILDING,11887,2024-07-29 09:21:53.047,11887,2024-08-06 17:07:30.327,0
561,NULL,74,HRMD (UTIL-LIBT-HRDO),11887,2024-07-29 09:22:15.070,11887,2024-08-06 17:08:24.853,0
562,NULL,74,LOGISTICS,11887,2024-07-29 09:22:23.943,11887,2024-08-06 17:08:19.623,0
563,NULL,74,PURCHASING,11887,2024-07-29 09:22:33.427,11887,2024-08-06 17:08:13.990,0
564,NULL,74,QUALITY (UTIL-LIBT-PRO1-QCDT),11887,2024-07-29 09:23:18.837,11887,2024-08-06 17:08:07.960,0
565,NULL,74,RESEARCH & DEVELOPMENT (UTIL-LIBT-PRO1-REDE),11887,2024-07-29 09:23:53.843,11887,2024-08-06 17:08:01.307,0
566,NULL,74,DEPOTS,11887,2024-07-29 09:24:01.630,11887,2024-08-06 17:07:52.530,0
567,NULL,74,OTHERS,11887,2024-07-29 09:24:10.793,NULL,NULL,1
568,NULL,42,"ROUTER ",10893,2024-08-02 09:51:13.953,NULL,NULL,1
569,NULL,75,PAYMENT PROBLEM,10684,2024-08-02 10:18:00.150,NULL,NULL,1
570,NULL,75,SO PROBLEM,10684,2024-08-02 10:18:27.937,NULL,NULL,1
571,NULL,75,JOBS,10684,2024-08-02 10:18:52.930,NULL,NULL,1
572,NULL,76,FOLDER,10684,2024-08-08 13:31:00.227,NULL,NULL,1
573,NULL,67,LOST,10684,2024-08-08 13:34:58.737,NULL,NULL,1
574,NULL,77,SCANNER (TAP IN-TAP OUT),11019,2024-08-08 16:18:11.090,NULL,NULL,1
575,NULL,78,DATE AND TIME,11019,2024-08-08 16:43:54.270,NULL,NULL,1
576,NULL,42,FOR WARRANTY,10893,2024-08-09 10:05:17.787,NULL,NULL,1
577,NULL,26,LOGIN,11019,2024-08-15 10:29:31.303,NULL,NULL,1
578,NULL,79,PRODUCTION PLAN,11019,2024-08-15 10:35:40.353,NULL,NULL,1
579,NULL,79,SCHEDULE PLOTTING (PROD),11019,2024-08-15 10:35:57.047,NULL,NULL,1
580,NULL,79,PRODUCTION LINE MANNING,11019,2024-08-15 10:36:07.440,NULL,NULL,1
581,NULL,79,SCHEDULE PLOTTING (OTHERS),11019,2024-08-15 10:36:48.617,NULL,NULL,1
582,NULL,21,FICO,90,2024-08-26 14:13:00.150,NULL,NULL,1
583,NULL,21,"PM ",90,2024-08-26 14:13:50.367,NULL,NULL,1
584,NULL,21,LOCKING ENTRIES,90,2024-08-26 14:22:38.720,90,2025-04-20 16:30:47.150,1
585,NULL,21,"USER IDS ",90,2024-08-26 14:23:33.413,NULL,NULL,1
586,NULL,80,"TRANSACTION (Projects, Daily Task)",11887,2024-10-10 10:08:31.813,11887,2024-10-10 10:19:47.510,1
587,NULL,80,MAINTENANCE (Projects),11887,2024-10-10 10:08:47.930,11887,2024-10-10 10:19:30.900,1
588,NULL,80,"REPORTS (Project Details, Gantt Chart, Daily Task)",11887,2024-10-10 10:08:56.877,11887,2024-10-10 10:18:43.560,1
589,NULL,78,BIO ID ENROLLMENT,11019,2024-11-12 13:55:02.023,11019,2024-11-12 13:56:43.810,1
590,NULL,77,EMPLOYEE INFORMATION,11019,2024-11-14 08:56:17.263,NULL,NULL,1
591,NULL,81,DATABASE SERVER,11019,2024-11-19 14:29:27.130,NULL,NULL,1
592,NULL,81,APACHE/WEB SERVER,11019,2024-11-19 14:29:40.040,NULL,NULL,1
593,NULL,36,INSTALLATION OF HR MOBILE APP,11019,2024-12-26 17:42:18.910,NULL,NULL,1
594,NULL,39,HRIS,11019,2024-12-26 18:29:51.830,NULL,NULL,1
595,NULL,82,INVENTORY ACCEPTANCE,11619,2025-01-03 15:20:25.720,NULL,NULL,1
596,NULL,82,LOGIN,11619,2025-01-03 15:20:44.617,NULL,NULL,1
597,NULL,82,ATTENDANCE,11619,2025-01-03 15:20:58.607,NULL,NULL,1
598,NULL,82,TRANSACTION,11619,2025-01-03 15:21:09.897,NULL,NULL,1
599,NULL,82,PRINTING,11619,2025-01-03 15:23:56.003,NULL,NULL,1
600,NULL,82,END TRANSACTION,11619,2025-01-03 15:24:09.060,NULL,NULL,1
601,NULL,82,UPLOADING,11619,2025-01-03 15:24:23.970,NULL,NULL,1
602,NULL,82,DOWNLOADING,11619,2025-01-03 15:24:30.880,NULL,NULL,1
603,NULL,42,PC,10893,2025-01-12 11:52:31.210,10893,2025-01-12 12:11:51.610,0
604,NULL,33,VARIANCE REPORT,11619,2025-01-21 07:19:51.987,NULL,NULL,1
605,NULL,26,INSTALLATION OF SALESMAN APP,11019,2025-02-10 16:10:38.073,NULL,NULL,1
606,NULL,39,TEST PORTAL- HRWEB,11019,2025-02-10 17:18:47.727,11019,2025-02-10 17:19:15.903,1
607,NULL,35,SCHEDULE PLOTTING,11019,2025-03-10 09:30:35.773,NULL,NULL,1
608,NULL,83,LOGIN,11019,2025-03-10 10:10:51.740,NULL,NULL,1
609,NULL,77,MASTERDATA MAINTENANCE-EMP INFO,11019,2025-03-10 10:19:01.153,11019,2025-03-10 10:19:12.697,1
610,NULL,84,NETWORK,11592,2023-11-29 08:49:39.023,NULL,NULL,1
611,NULL,84,PRINTER,11592,2023-11-29 13:15:06.640,11640,2023-11-30 09:02:07.120,1
612,NULL,84,LAPTOP,11592,2023-12-18 07:16:32.790,10892,2023-12-22 13:14:27.757,1
613,NULL,85,OTHERS,11592,2023-12-27 16:14:44.293,10892,2023-12-27 16:16:34.903,1
614,NULL,84,OTHERS,11592,2023-12-27 16:15:01.123,10892,2023-12-27 16:16:09.437,1
615,NULL,85,ANTIVIRUS,11592,2023-12-29 08:54:44.417,NULL,NULL,1
616,NULL,86,TALK TO ROCEL,11592,2024-01-11 09:08:09.793,11842,2024-01-25 13:16:26.077,0
617,NULL,85,GLOBODOX,10892,2024-02-15 10:06:02.047,NULL,NULL,1
618,NULL,88,PORTAL,11890,2024-03-04 09:17:08.857,NULL,NULL,1
619,NULL,88,DEVICE APPS,11890,2024-03-04 09:17:27.567,NULL,NULL,1
620,NULL,87,FREIGHT COST,11890,2024-03-04 09:17:39.400,NULL,NULL,1
621,NULL,87,SHIPMENTS,11890,2024-03-04 09:17:48.843,11890,2024-03-06 09:45:53.617,1
622,NULL,89,WMS,11890,2024-03-12 08:09:16.993,NULL,NULL,1
623,NULL,89,ISCADA,11890,2024-03-12 08:09:28.600,NULL,NULL,1
624,NULL,89,OTHERS,11890,2024-03-12 08:09:53.970,NULL,NULL,1
625,NULL,91,TIME-IN/TIME-OUT,11019,2024-03-12 08:46:33.913,NULL,NULL,1
626,NULL,91,TIMEKEEPING COMPLAINTS,11019,2024-03-12 08:46:50.857,NULL,NULL,1
627,NULL,92,PORTAL,11890,2024-03-12 09:09:00.170,NULL,NULL,1
628,NULL,85,PRINTER,11689,2024-03-18 16:11:38.967,NULL,NULL,1
629,NULL,93,ADVANCE ORDER,11887,2024-03-26 16:49:25.897,NULL,NULL,1
630,NULL,87,MATERIAL MANAGEMENT,90,2024-04-01 13:15:02.563,NULL,NULL,1
631,NULL,87,SALES AND DISTRIBUTION,90,2024-04-01 13:15:26.433,NULL,NULL,1
632,NULL,87,PRODUCTION PLANNING,90,2024-04-01 13:16:00.600,NULL,NULL,1
633,NULL,94,ATTENDANCE,10684,2024-04-02 08:56:24.227,NULL,NULL,1
634,NULL,94,INVENTORY,10684,2024-04-02 09:01:02.210,NULL,NULL,1
635,NULL,94,DELIVERY,10684,2024-04-02 09:01:08.153,NULL,NULL,1
636,NULL,94,ABIS,10684,2024-04-02 09:01:15.837,NULL,NULL,1
637,NULL,94,PRICE SURVEY,10684,2024-04-02 09:01:22.587,NULL,NULL,1
638,NULL,94,CHECK DISPLAY,10684,2024-04-02 09:01:29.303,NULL,NULL,1
639,NULL,94,STATUS REPORT,10684,2024-04-02 09:01:36.550,NULL,NULL,1
640,NULL,94,EXPENSE,10684,2024-04-02 09:01:42.147,NULL,NULL,1
641,NULL,94,INCIDENT REPORT,10684,2024-04-02 09:01:48.350,NULL,NULL,1
642,NULL,94,VIEW ATTENDANCE,10684,2024-04-02 09:01:55.890,NULL,NULL,1
643,NULL,94,VIEW LOGS,10684,2024-04-02 09:02:01.773,NULL,NULL,1
644,NULL,94,TIME IN/OUT,10684,2024-04-02 09:02:09.467,NULL,NULL,1
645,NULL,94,CHECK IN/OUT,10684,2024-04-02 09:02:14.570,NULL,NULL,1
646,NULL,94,CHANGE OFF/LEAVE FILING,10684,2024-04-02 09:02:29.480,NULL,NULL,1
647,NULL,94,DATA SYNCHING,10684,2024-04-02 09:02:40.313,NULL,NULL,1
648,NULL,94,VALIDATION & LOG IN,10684,2024-04-02 09:02:55.950,NULL,NULL,1
649,NULL,95,TIME KEEPING COMPLAINT,10684,2024-04-02 09:03:03.607,NULL,NULL,1
650,NULL,94,ALL MODULES,10684,2024-04-02 09:03:26.723,NULL,NULL,1
651,NULL,100,MERCHANDISER MAINTENANCE,10684,2024-04-02 09:13:37.980,NULL,NULL,1
652,NULL,100,SETTINGS AND MOBILE UPLOADER,10684,2024-04-02 09:13:42.950,NULL,NULL,1
653,NULL,100,ATTENDANCE,10684,2024-04-02 09:13:50.990,NULL,NULL,1
654,NULL,100,INVENTORY,10684,2024-04-02 09:13:56.430,NULL,NULL,1
655,NULL,100,DELIVERY,10684,2024-04-02 09:14:01.850,NULL,NULL,1
656,NULL,100,ABIS,10684,2024-04-02 09:14:06.907,NULL,NULL,1
657,NULL,100,STATUS REPORT,10684,2024-04-02 09:14:12.373,NULL,NULL,1
658,NULL,100,INCIDENT REPORT,10684,2024-04-02 09:14:17.790,NULL,NULL,1
659,NULL,100,CHECK DISPLAY,10684,2024-04-02 09:14:22.730,NULL,NULL,1
660,NULL,100,PRICE SURVEY,10684,2024-04-02 09:14:27.807,NULL,NULL,1
661,NULL,100,TIME KEEPING APPROVAL,10684,2024-04-02 09:14:32.350,NULL,NULL,1
662,NULL,100,REPORTS,10684,2024-04-02 09:14:37.510,NULL,NULL,1
663,NULL,100,EXPENSES,10684,2024-04-02 09:14:42.243,NULL,NULL,1
664,NULL,91,"PROCESS TYPE ",11019,2024-04-02 09:20:51.490,NULL,NULL,1
665,NULL,101,ATTENDANCE,11019,2024-04-02 09:21:52.950,NULL,NULL,1
666,NULL,101,CHANGE PASSWORD,11019,2024-04-02 09:22:04.647,NULL,NULL,1
667,NULL,101,ASSESSMENT RESULT,11019,2024-04-02 09:22:20.093,NULL,NULL,1
668,NULL,101,MY ATTENDANCE,11019,2024-04-02 09:22:29.103,NULL,NULL,1
669,NULL,91,ACCOUNT VALIDATION,11019,2024-04-02 09:22:52.217,NULL,NULL,1
670,NULL,91,CHANGE PASSWORD,11019,2024-04-02 09:23:08.607,NULL,NULL,1
671,NULL,102,AUDITOR MAINTENANCE PORTAL,10684,2024-04-02 09:29:49.333,NULL,NULL,1
672,NULL,102,CHECK DISPLAY PORTAL,10684,2024-04-02 09:29:53.977,NULL,NULL,1
673,NULL,102,VALIDATION AND LOG IN,10684,2024-04-02 09:29:58.830,NULL,NULL,1
674,NULL,102,ALL MODULES,10684,2024-04-02 09:30:04.087,NULL,NULL,1
675,NULL,102,CHECK DISPLAY APP,10684,2024-04-02 09:30:08.813,NULL,NULL,1
676,NULL,102,VIEW LOGS APP,10684,2024-04-02 09:30:14.580,NULL,NULL,1
677,NULL,90,EMPLOYEE INFORMATION,11019,2024-04-02 09:32:24.330,NULL,NULL,1
678,NULL,90,TRANSACTION-TK APPROVALS,11019,2024-04-02 09:32:48.513,NULL,NULL,1
679,NULL,90,REPORTS-DETAILED ATTENDANCE SUMMARY,11019,2024-04-02 09:33:10.413,NULL,NULL,1
680,NULL,102,AUDITOR APP SETTINGS,10684,2024-04-02 09:34:54.657,NULL,NULL,1
681,NULL,103,ORDERING ONLINE,10684,2024-04-02 09:40:30.307,NULL,NULL,1
682,NULL,103,MODEM,10684,2024-04-02 09:40:36.800,NULL,NULL,1
683,NULL,94,TIME KEEPING COMPLAINT,10684,2024-04-02 09:58:06.810,NULL,NULL,1
684,NULL,104,ADMINISTRATOR-FILE MAINTENANCE,11019,2024-04-02 10:21:42.810,NULL,NULL,1
685,NULL,104,ADMINISTRATOR-USER MANAGEMENT,11019,2024-04-02 10:21:53.493,NULL,NULL,1
686,NULL,104,ADMINISTRATOR-USER ROLES,11019,2024-04-02 10:22:01.780,NULL,NULL,1
687,NULL,104,ADMINISTRATOR-LEAVE TYPE,11019,2024-04-02 10:22:13.513,NULL,NULL,1
688,NULL,104,ADMINISTRATOR-LEAVE MANAGEMENT,11019,2024-04-02 10:22:18.930,NULL,NULL,1
689,NULL,104,ADMINISTRATOR-HOLIDAY LIST,11019,2024-04-02 10:22:25.250,NULL,NULL,1
690,NULL,104,ADMINISTRATOR-FORM APPROVAL,11019,2024-04-02 10:22:30.853,NULL,NULL,1
691,NULL,104,ADMINISTRATOR-SECTION MANAGER,11019,2024-04-02 10:22:37.000,NULL,NULL,1
692,NULL,104,201 EMPLOYEE-EMPLOYEE MASTERLIST,11019,2024-04-02 10:22:43.353,NULL,NULL,1
693,NULL,104,201 EMPLOYEE-EMPLOYEE COST CENTER,11019,2024-04-02 10:22:50.393,NULL,NULL,1
694,NULL,104,201 EMPLOYEE-MASS UPDATE,11019,2024-04-02 10:22:55.897,NULL,NULL,1
695,NULL,104,201 EMPLOYEE-DISABLED ACCOUNT DUE TO MULTIPLE LOGI,11019,2024-04-02 10:23:06.710,NULL,NULL,1
696,NULL,104,TRANSACTION-MANAGEMENT SINGLE,11019,2024-04-02 10:23:13.083,NULL,NULL,1
697,NULL,104,TIME-GENERATE DTR,11019,2024-04-02 10:23:18.170,NULL,NULL,1
698,NULL,104,TIME-SHIFT TABLE,11019,2024-04-02 10:23:23.290,NULL,NULL,1
699,NULL,104,TIME-PLOT SCHEDULE,11019,2024-04-02 10:23:33.393,NULL,NULL,1
700,NULL,104,TIME-PAYROLL PERIOD,11019,2024-04-02 10:23:38.410,NULL,NULL,1
701,NULL,104,TIME-MANUAL UPLOAD ATTENDANCE,11019,2024-04-02 10:23:43.583,NULL,NULL,1
702,NULL,104,TIME-VIEW ATTENDANCE,11019,2024-04-02 10:23:49.757,NULL,NULL,1
703,NULL,104,TIME-FIXED SCHEDULE,11019,2024-04-02 10:23:55.157,NULL,NULL,1
704,NULL,104,TIME-TIME SETTINGS,11019,2024-04-02 10:24:01.087,NULL,NULL,1
705,NULL,104,PAYROLL-GENERATE PAYSLIP,11019,2024-04-02 10:24:06.707,NULL,NULL,1
706,NULL,104,PAYROLL-FILE MAINTENANCE,11019,2024-04-02 10:24:12.610,NULL,NULL,1
707,NULL,104,PAYROLL-COMPENSATION,11019,2024-04-02 10:24:17.667,NULL,NULL,1
708,NULL,104,PAYROLL-OTHER ADDITION EMPLOYEE ENROLLMENT,11019,2024-04-02 10:24:24.347,NULL,NULL,1
709,NULL,104,PAYROLL-OTHER DEDUCTION EMPLOYEE ENROLLMENT,11019,2024-04-02 10:24:29.233,NULL,NULL,1
710,NULL,104,PAYROLL-EMPLOYEE LOANS ENROLLMENT,11019,2024-04-02 10:24:34.183,NULL,NULL,1
711,NULL,104,PAYROLL-GENERATE BONUS,11019,2024-04-02 10:24:40.097,NULL,NULL,1
712,NULL,104,PAYROLL-PAYROLL SETTINGS,11019,2024-04-02 10:24:45.097,NULL,NULL,1
713,NULL,104,REPORTS-EMPLOYEE REPORTS,11019,2024-04-02 10:24:49.793,NULL,NULL,1
714,NULL,104,REPORT-TIME,11019,2024-04-02 10:24:56.137,NULL,NULL,1
715,NULL,104,REPORTS-PAYROLL,11019,2024-04-02 10:25:01.497,NULL,NULL,1
716,NULL,104,REPORTS-TRANSACTION,11019,2024-04-02 10:25:06.563,NULL,NULL,1
717,NULL,105,USER MANAGEMENT,11887,2024-04-02 10:36:54.997,NULL,NULL,1
718,NULL,108,PROMO MANAGER,11887,2024-04-02 14:03:01.837,NULL,NULL,1
719,NULL,108,ET REPORTS,11887,2024-04-02 14:03:10.090,NULL,NULL,1
720,NULL,108,DATABASE,11887,2024-04-02 14:03:20.310,NULL,NULL,1
721,NULL,108,"MOVEMENTS ",11887,2024-04-02 14:03:26.643,NULL,NULL,1
722,NULL,108,STORE CONTROLLER,11887,2024-04-02 14:04:05.663,NULL,NULL,1
723,NULL,108,ET - PRODUCT MAINTENANCE,11887,2024-04-02 14:04:30.403,11887,2024-05-13 09:43:09.580,0
724,NULL,107,"BIOMETRIC ",11887,2024-04-02 14:04:55.820,NULL,NULL,1
725,NULL,107,CCTV,11887,2024-04-02 14:05:04.277,NULL,NULL,1
726,NULL,107,POS POLE DISPLAY,11887,2024-04-02 14:05:11.740,NULL,NULL,1
727,NULL,107,PRINTER,11887,2024-04-02 14:05:17.337,NULL,NULL,1
728,NULL,107,MOUSE AND KEYBOARD,11887,2024-04-02 14:05:24.727,NULL,NULL,1
729,NULL,107,MOUSE,11887,2024-04-02 14:05:31.240,NULL,NULL,1
730,NULL,107,KEYBOARD,11887,2024-04-02 14:05:40.567,NULL,NULL,1
731,NULL,107,PC,11887,2024-04-02 14:05:50.297,NULL,NULL,1
732,NULL,107,PLUG OF UPS,11887,2024-04-02 14:05:57.400,NULL,NULL,1
733,NULL,105,ORDERING,11887,2024-04-02 14:06:33.590,NULL,NULL,1
734,NULL,105,OTP,11887,2024-04-02 14:06:41.840,NULL,NULL,1
735,NULL,111,GCASH,11887,2024-04-02 14:07:42.127,11887,2024-04-25 10:08:25.477,0
736,NULL,111,PAYMAYA,11887,2024-04-02 14:07:49.920,11887,2024-04-25 10:08:39.743,0
737,NULL,93,PROMO MANAGER,11887,2024-04-02 14:08:06.503,11887,2024-04-02 14:22:32.870,0
738,NULL,93,ITEM GROUP SALES,11887,2024-04-02 14:08:37.797,11887,2024-04-25 10:05:39.980,1
739,NULL,108,RECEIVING,11887,2024-04-02 14:09:05.090,NULL,NULL,1
740,NULL,93,DISCOUNT,11887,2024-04-02 14:09:13.937,11887,2024-04-18 07:34:07.707,1
741,NULL,93,READING,11887,2024-04-02 14:09:22.633,NULL,NULL,1
742,NULL,110,VIBER,11887,2024-04-02 14:09:51.103,11887,2024-04-25 14:27:39.167,0
743,NULL,95,ALL MODULES,10684,2024-04-02 14:14:35.137,NULL,NULL,1
744,NULL,95,MY PERFOMANCE,10684,2024-04-02 14:14:42.587,NULL,NULL,1
745,NULL,95,ROUTE - MAP,10684,2024-04-02 14:14:50.887,NULL,NULL,1
746,NULL,95,ROUTE - INFO,10684,2024-04-02 14:14:57.560,NULL,NULL,1
747,NULL,95,ROUTE - TRANSACT,10684,2024-04-02 14:15:06.017,NULL,NULL,1
748,NULL,95,CUSTOMERS - INFO,10684,2024-04-02 14:15:12.557,NULL,NULL,1
749,NULL,95,CUSTOMERS - TRANSACT,10684,2024-04-02 14:15:18.453,NULL,NULL,1
750,NULL,95,MISC - TRANSACTION FOR THE DAY,10684,2024-04-02 14:15:36.557,NULL,NULL,1
751,NULL,95,MISC - FIELD REPORTS,10684,2024-04-02 14:15:42.820,NULL,NULL,1
752,NULL,95,MISC - PRICELIST,10684,2024-04-02 14:15:56.083,NULL,NULL,1
753,NULL,95,MISC - COMMERCIAL LIST,10684,2024-04-02 14:16:04.183,NULL,NULL,1
754,NULL,95,MISC - PRODUCT INFO,10684,2024-04-02 14:16:12.370,NULL,NULL,1
755,NULL,95,MISC - MUST CARRY REPORT,10684,2024-04-02 14:16:19.387,NULL,NULL,1
756,NULL,95,MISC - NOT BUYING CUSTOMER REPORT,10684,2024-04-02 14:16:25.233,NULL,NULL,1
757,NULL,95,MISC - VIEW ORDER,10684,2024-04-02 14:16:32.540,NULL,NULL,1
758,NULL,95,MISC - VIEW ADVANCE RETURNS,10684,2024-04-02 14:16:38.813,NULL,NULL,1
759,NULL,95,MISC - RETURNS,10684,2024-04-02 14:16:44.853,NULL,NULL,1
760,NULL,95,MISC - DAILY SALES REPORT,10684,2024-04-02 14:19:20.400,NULL,NULL,1
761,NULL,95,MISC - END TRANSACTIONS,10684,2024-04-02 14:19:27.597,NULL,NULL,1
762,NULL,95,ATTENDANCE,10684,2024-04-02 14:19:34.273,NULL,NULL,1
763,NULL,95,INVENTORY,10684,2024-04-02 14:19:41.543,NULL,NULL,1
764,NULL,95,DEPOSITS,10684,2024-04-02 14:19:47.627,NULL,NULL,1
765,NULL,95,ADMINISTRATOR USER,10684,2024-04-02 14:19:53.900,NULL,NULL,1
766,NULL,95,CHECKER USER,10684,2024-04-02 14:20:01.090,NULL,NULL,1
767,NULL,112,PRESELLING AREA,10684,2024-04-02 14:21:58.953,NULL,NULL,1
768,NULL,112,"ROUTE MANAGEMENT ",10684,2024-04-02 14:22:05.947,NULL,NULL,1
769,NULL,112,SYNCHING - DOWNLOAD,10684,2024-04-02 14:22:12.333,10684,2024-04-02 14:24:44.250,1
770,NULL,112,SYNCHING - UPLOAD,10684,2024-04-02 14:22:17.637,10684,2024-04-02 14:23:22.907,1
771,NULL,112,REPORTS - ORDERS,10684,2024-04-02 14:22:22.480,10684,2024-04-02 14:27:22.413,1
772,NULL,112,"REPORTS - PICKLIST SUMMARY ",10684,2024-04-02 14:22:27.087,10684,2024-04-02 14:27:35.987,1
773,NULL,112,FOR REVIEW - PRESELLING ORDERS,10684,2024-04-02 14:22:32.853,NULL,NULL,1
774,NULL,97,ALL MODULES,10684,2024-04-02 14:27:57.007,NULL,NULL,1
775,NULL,97,MY PERFOMANCE,10684,2024-04-02 14:28:04.007,NULL,NULL,1
776,NULL,97,ROUTE,10684,2024-04-02 14:28:09.963,NULL,NULL,1
777,NULL,97,INVENTORY,10684,2024-04-02 14:30:05.520,NULL,NULL,1
778,NULL,97,ROUTE - INFO,10684,2024-04-02 14:30:12.290,NULL,NULL,1
779,NULL,97,CUSTOMERS - AR PAYMENT,10684,2024-04-02 14:30:18.987,NULL,NULL,1
780,NULL,97,CUSTOMERS - TRANSACT,10684,2024-04-02 14:30:24.957,NULL,NULL,1
781,NULL,97,MISC - TRANSACTION FOR THE DAY,10684,2024-04-02 14:30:30.477,NULL,NULL,1
782,NULL,97,MISC - FUEL REPORTS,10684,2024-04-02 14:30:36.293,NULL,NULL,1
783,NULL,97,MISC - INCIDENT REPORTS,10684,2024-04-02 14:30:42.283,NULL,NULL,1
784,NULL,97,MISC - VIEW RETURNS,10684,2024-04-02 14:30:48.397,NULL,NULL,1
785,NULL,97,MISC - VIEW PRICELIST,10684,2024-04-02 14:30:59.167,NULL,NULL,1
786,NULL,97,MISC - VIEW COMMERCIAL LIST,10684,2024-04-02 14:31:06.967,NULL,NULL,1
787,NULL,97,MISC - PRODUCT INFO,10684,2024-04-02 14:31:13.493,NULL,NULL,1
788,NULL,97,MISC - DAILY SALES REPORT,10684,2024-04-02 14:31:22.147,NULL,NULL,1
789,NULL,97,MISC - MUST CARRY REPORT,10684,2024-04-02 14:32:05.980,NULL,NULL,1
790,NULL,97,MISC - NOT BUYING CUSTOMER REPORT,10684,2024-04-02 14:32:11.760,NULL,NULL,1
791,NULL,97,MISC - END TRANSACTIONS,10684,2024-04-02 14:32:17.400,NULL,NULL,1
792,NULL,97,ORDERING,10684,2024-04-02 14:35:59.210,NULL,NULL,1
793,NULL,97,ATTENDANCE,10684,2024-04-02 14:36:07.627,NULL,NULL,1
794,NULL,97,ADMINISTRATOR USER,10684,2024-04-02 14:36:13.977,NULL,NULL,1
795,NULL,97,CHECKER USER,10684,2024-04-02 14:36:20.463,NULL,NULL,1
796,NULL,113,MPOS AGGREGATION - DATA CHECKER,10684,2024-04-02 14:37:27.840,NULL,NULL,1
797,NULL,113,MPOS AGGREGATION - DB TO SDF,10684,2024-04-02 14:37:32.543,NULL,NULL,1
798,NULL,113,MPOS CONVERTER - SDF TO DB,10684,2024-04-02 14:37:37.507,NULL,NULL,1
799,NULL,114,ADMIN TOOLS - SDF UPLOAD,10684,2024-04-02 14:38:06.110,NULL,NULL,1
800,NULL,114,ADMIN TOOLS - SDF EXTRACT,10684,2024-04-02 14:38:12.477,NULL,NULL,1
801,NULL,96,ALL MODULES,10684,2024-04-02 14:43:18.777,NULL,NULL,1
802,NULL,96,ATTENDANCE,10684,2024-04-02 14:43:24.703,NULL,NULL,1
803,NULL,96,ROUTE - SALES CALL (ON SITE),10684,2024-04-02 14:43:30.893,NULL,NULL,1
804,NULL,96,ROUTE - SALES CALL (OFF SITE),10684,2024-04-02 14:43:37.383,NULL,NULL,1
805,NULL,96,ROUTE - SALES HISTORY,10684,2024-04-02 14:43:44.330,NULL,NULL,1
806,NULL,96,ROUTE - VIEW AR BALANCA,10684,2024-04-02 14:43:50.650,NULL,NULL,1
807,NULL,96,ROUTE - CUSTOMER INFO,10684,2024-04-02 14:43:55.853,NULL,NULL,1
808,NULL,96,ROUTE - DISER INFO,10684,2024-04-02 14:44:01.670,NULL,NULL,1
809,NULL,96,EXPENSE,10684,2024-04-02 14:44:10.490,NULL,NULL,1
810,NULL,96,CUSTOMERS - VIEW AR BALANCE,10684,2024-04-02 14:44:15.937,NULL,NULL,1
811,NULL,96,"CUSTOMERS - CUSTOMER INFO ",10684,2024-04-02 14:44:26.587,NULL,NULL,1
812,NULL,96,CUSTOMERS - DISER INFO,10684,2024-04-02 14:44:34.590,NULL,NULL,1
813,NULL,96,CUSTOMERS - VIEW INVENTORY,10684,2024-04-02 14:44:40.270,NULL,NULL,1
814,NULL,96,CUSTOMERS - VIEW ORDER,10684,2024-04-02 14:44:45.750,NULL,NULL,1
815,NULL,96,CUSTOMERS - CONTACT PERSON INFO,10684,2024-04-02 14:44:51.140,NULL,NULL,1
816,NULL,96,MISC - VIDEO COMMRCIALS,10684,2024-04-02 14:44:56.920,NULL,NULL,1
817,NULL,96,MISC - PRODUCT INFO,10684,2024-04-02 14:45:05.693,NULL,NULL,1
818,NULL,96,END TRANSACTIONS,10684,2024-04-02 14:45:11.963,NULL,NULL,1
819,NULL,96,ADMINISTRATOR USER,10684,2024-04-02 14:45:18.353,NULL,NULL,1
820,NULL,115,CUSTOMER DATA VIEWER - CUSTOMER DATA VIEWER,10684,2024-04-02 14:46:46.530,NULL,NULL,1
821,NULL,115,EXPENSE REPORT - SUMMARY,10684,2024-04-02 15:06:09.733,NULL,NULL,1
822,NULL,115,EXPENSE REPORT - EXPENSE REPORT,10684,2024-04-02 15:06:15.067,NULL,NULL,1
823,NULL,115,EXPENSE REPORT - CREATE,10684,2024-04-02 15:06:20.010,NULL,NULL,1
824,NULL,115,EXPENSE REPORT - FOR APPROVAL,10684,2024-04-02 15:06:25.110,NULL,NULL,1
825,NULL,115,EXPENSE REPORT - DENIED,10684,2024-04-02 15:07:04.983,NULL,NULL,1
826,NULL,115,EXPENSE REPORT - APPROVE,10684,2024-04-02 15:07:11.570,NULL,NULL,1
827,NULL,115,EXPENSE REPORT - SUBMITTED,10684,2024-04-02 15:07:16.573,NULL,NULL,1
828,NULL,115,EXPENSE REPORT - PENDING,10684,2024-04-02 15:07:21.423,NULL,NULL,1
829,NULL,115,ITINERARY MANAGEMENT - ROUTE SCHED,10684,2024-04-02 15:07:26.327,NULL,NULL,1
830,NULL,115,ITINERARY MANAGEMENT - ROUTE ARRANGEMENT,10684,2024-04-02 15:07:31.540,NULL,NULL,1
831,NULL,115,MASTERDATA MAINTENANCE - CHANGE PASSWORD,10684,2024-04-02 15:07:36.510,NULL,NULL,1
832,NULL,115,MASTERDATA MAINTENANCE - CUSTOMER INFO,10684,2024-04-02 15:07:41.463,NULL,NULL,1
833,NULL,115,MASTERDATA MAINTENANCE - PRICE SURVEY,10684,2024-04-02 15:07:47.003,NULL,NULL,1
834,NULL,115,MASTERDATA MAINTENANCE - CUSTOMER ORDER UOM,10684,2024-04-02 15:07:52.487,NULL,NULL,1
835,NULL,115,MASTERDATA MAINTENANCE - MATERIAL EXPIRATION,10684,2024-04-02 15:07:58.050,NULL,NULL,1
836,NULL,115,MASTERDATA MAINTENANCE - CUSTOMER STOCK LEVEL,10684,2024-04-02 15:08:04.707,NULL,NULL,1
837,NULL,115,MASTERDATA MAINTENANCE - MASTERDATA MAINTENANCE,10684,2024-04-02 15:08:09.560,NULL,NULL,1
838,NULL,115,MASTERDATA MAINTENANCE - EXPENSE TYPE,10684,2024-04-02 15:08:14.410,NULL,NULL,1
839,NULL,115,MASTERDATA MAINTENANCE - FIELD REPORT TYPE,10684,2024-04-02 15:08:19.790,NULL,NULL,1
840,NULL,115,MASTERDATA MAINTENANCE - DISPLAY TYPE,10684,2024-04-02 15:08:25.367,NULL,NULL,1
841,NULL,115,MASTERDATA MAINTENANCE - OUTLET SELLING PRICE,10684,2024-04-02 15:08:30.590,NULL,NULL,1
842,NULL,115,MASTERDATA MAINTENANCE - COMPETITORS SELLING PRICE,10684,2024-04-02 15:08:36.800,NULL,NULL,1
843,NULL,115,MASTERDATA MAINTENANCE - ACTIVITY TYPE,10684,2024-04-02 15:08:42.010,NULL,NULL,1
844,NULL,115,MERCHANDISER DATABASE - MERCHANDISER DATABASE,10684,2024-04-02 15:08:47.243,NULL,NULL,1
845,NULL,115,PRICE SURVEY - PRICE SURVEY,10684,2024-04-02 15:08:52.763,NULL,NULL,1
846,NULL,115,PRICE SURVEY - COMPETITORS PRICE SURVEY,10684,2024-04-02 15:08:57.907,NULL,NULL,1
847,NULL,115,PRICE SURVEY - OUTLET SELLING PRICE,10684,2024-04-02 15:09:03.400,NULL,NULL,1
848,NULL,115,REPORTS - DAILY ATTENDANCE,10684,2024-04-02 15:09:08.810,NULL,NULL,1
849,NULL,115,REPORTS - SALES REPORTS,10684,2024-04-02 15:09:13.810,NULL,NULL,1
850,NULL,115,REPORTS - ACTIVITY REPORTS,10684,2024-04-02 15:09:19.383,NULL,NULL,1
851,NULL,115,REPORTS - DISPLAY REPORTS,10684,2024-04-02 15:09:24.610,NULL,NULL,1
852,NULL,115,REPORTS - FIELD REPORTS,10684,2024-04-02 15:09:29.653,NULL,NULL,1
853,NULL,115,REPORTS - REPORTS,10684,2024-04-02 15:09:34.583,NULL,NULL,1
854,NULL,115,SALES REPORTS BY CHANNEL - SALES REPORTS,10684,2024-04-02 15:09:42.250,NULL,NULL,1
855,NULL,115,SYNCHING - SYNCHING,10684,2024-04-02 15:09:47.213,NULL,NULL,1
856,NULL,115,SYNCHING - UPLOAD DB,10684,2024-04-02 15:09:52.633,NULL,NULL,1
857,NULL,115,SYNCHING - DOWNLOAD DB,10684,2024-04-02 15:09:57.893,NULL,NULL,1
858,NULL,116,MASTERDATA MAINTENANCE - APPROVAL MAINTENANCE,10684,2024-04-02 15:28:38.260,NULL,NULL,1
859,NULL,116,APPROVAL - PENDING FOR APPROVAL,10684,2024-04-02 15:28:44.167,NULL,NULL,1
860,NULL,116,APPROVAL - APPROVAL LOGS,10684,2024-04-02 15:30:56.320,NULL,NULL,1
861,NULL,116,REPORTS - PROGRESS REPORT,10684,2024-04-02 15:31:02.033,NULL,NULL,1
862,NULL,116,APPROVAL - ALL PENDING APPROVAL,10684,2024-04-02 15:31:06.640,NULL,NULL,1
863,NULL,116,CUSTOMER MAINTENANCE - CUSTOMER MAINTENANCE,10684,2024-04-02 15:31:11.430,NULL,NULL,1
864,NULL,108,ET SERVER,11887,2024-04-03 07:19:26.400,11887,2024-04-25 10:01:38.810,1
865,NULL,101,LOGIN,11019,2024-04-03 08:59:26.947,NULL,NULL,1
866,NULL,117,USER ACCESS,10684,2024-04-03 10:23:06.363,NULL,NULL,1
867,NULL,118,ORDERING,11619,2024-04-04 08:12:15.493,NULL,NULL,1
868,NULL,118,SALES-ORDERING,11619,2024-04-04 08:26:04.690,NULL,NULL,1
869,NULL,118,SALES-STOCK RECEIVING,11619,2024-04-04 08:27:15.753,NULL,NULL,1
870,NULL,118,SALES-SALES ORDER,11619,2024-04-04 08:27:34.603,NULL,NULL,1
871,NULL,118,SALES-DELIVERY,11619,2024-04-04 08:27:45.510,NULL,NULL,1
872,NULL,118,SALES-BILLING,11619,2024-04-04 08:27:58.080,NULL,NULL,1
873,NULL,118,SALES-RETURNS,11619,2024-04-04 08:28:11.453,NULL,NULL,1
874,NULL,118,WAREHOUSE-VIEW INVENTORY,11619,2024-04-04 08:28:48.173,NULL,NULL,1
875,NULL,118,WAREHOUSE-PURCHASE ORDER,11619,2024-04-04 08:29:02.340,NULL,NULL,1
876,NULL,118,WAREHOUSE-GOODS RECEIVING,11619,2024-04-04 08:29:22.040,NULL,NULL,1
877,NULL,118,WAREHOUSE-RETURN TO VENDOR,11619,2024-04-04 08:29:39.800,NULL,NULL,1
878,NULL,118,WAREHOUSE-STOCK REQUEST,11619,2024-04-04 08:29:56.990,NULL,NULL,1
879,NULL,118,WAREHOUSE-ORDER PROCESSING,11619,2024-04-04 08:30:12.737,NULL,NULL,1
880,NULL,118,WAREHOUSE-RECIEVING RETURNS,11619,2024-04-04 08:30:43.137,NULL,NULL,1
881,NULL,118,WAREHOUSE-PHYSICAL INVENTORY POSTING,11619,2024-04-04 08:31:02.363,NULL,NULL,1
882,NULL,118,WAREHOUSE-GOOD ISSUANCE-STOCK TRANSFER,11619,2024-04-04 08:31:26.997,NULL,NULL,1
883,NULL,118,WAREHOUSE-GOOD ISSUANCE-INVOICING,11619,2024-04-04 08:31:52.673,NULL,NULL,1
884,NULL,118,ACCOUNTING-COLLECTION,11619,2024-04-04 08:36:52.040,NULL,NULL,1
885,NULL,118,ACCOUNTING-AR,11619,2024-04-04 08:37:05.643,NULL,NULL,1
886,NULL,118,ACCOUNTING-EXPENSE,11619,2024-04-04 08:37:18.490,NULL,NULL,1
887,NULL,118,ACCOUNTING-EXPENSE CLEARING,11619,2024-04-04 08:37:31.830,NULL,NULL,1
888,NULL,118,ACCOUNTING-EXPENSE VIEWING,11619,2024-04-04 08:37:48.213,NULL,NULL,1
889,NULL,118,ADMINISTRATION - CONVERSION,11619,2024-04-04 08:40:35.560,NULL,NULL,1
890,NULL,118,ADMINISTRATION - MASTERDATA,11619,2024-04-04 08:41:01.170,NULL,NULL,1
891,NULL,118,REPORTS - SALES - COLLECTION TURNOVER,11619,2024-04-04 08:51:52.210,NULL,NULL,1
892,NULL,118,REPORTS - SALES - DAILY,11619,2024-04-04 08:52:14.753,NULL,NULL,1
893,NULL,118,REPORTS - ADVANCED DAILY SALES REPORTS,11619,2024-04-04 08:52:36.443,NULL,NULL,1
894,NULL,118,REPORTS - RAW DATA,11619,2024-04-04 08:52:58.117,NULL,NULL,1
895,NULL,118,REPORTS - BAD ORDERS,11619,2024-04-04 08:53:11.863,NULL,NULL,1
896,NULL,118,REPORTS - EXPENSES,11619,2024-04-04 08:53:29.487,NULL,NULL,1
897,NULL,118,REPORTS - FREQUENCY,11619,2024-04-04 08:53:45.460,NULL,NULL,1
898,NULL,118,REPORTS - ODOMETER READING,11619,2024-04-04 08:54:01.090,NULL,NULL,1
899,NULL,118,REPORTS - PERFECT STORE,11619,2024-04-04 08:54:16.463,NULL,NULL,1
900,NULL,118,REPORTS - PRODUCTIVITY,11619,2024-04-04 08:54:41.510,NULL,NULL,1
901,NULL,118,REPORTS - STORE CHECK IN,11619,2024-04-04 08:55:07.670,NULL,NULL,1
902,NULL,118,REPORTS - DPOS ACTIVITY REPORT,11619,2024-04-04 08:55:34.680,NULL,NULL,1
903,NULL,118,REPORTS - MONHTLY PRODUCTIVITY REPORT,11619,2024-04-04 08:56:07.183,NULL,NULL,1
904,NULL,118,REPORTS - INVENTORY & TRANSIT,11619,2024-04-04 08:56:36.640,NULL,NULL,1
905,NULL,118,REPORTS - SELL-IN AND SELL-OUT,11619,2024-04-04 08:56:57.110,NULL,NULL,1
906,NULL,118,REPORTS - 3P DELIVERY COST SUMMARY,11619,2024-04-04 08:57:24.663,NULL,NULL,1
907,NULL,98,LOGIN,11619,2024-04-04 09:12:26.127,NULL,NULL,1
908,NULL,98,INVENTORY ACCEPTANCE,11619,2024-04-04 09:12:49.833,NULL,NULL,1
909,NULL,98,PRINTING,11619,2024-04-04 09:13:08.267,11619,2024-04-04 09:13:39.480,0
910,NULL,98,"PRINTER ",11619,2024-04-04 09:13:32.410,NULL,NULL,1
911,NULL,98,MY PERFORMANCE,11619,2024-04-04 09:14:46.437,NULL,NULL,1
912,NULL,98,ROUTE,11619,2024-04-04 09:15:09.970,NULL,NULL,1
913,NULL,98,INVENTORY,11619,2024-04-04 09:15:50.080,NULL,NULL,1
914,NULL,98,STOCK RECEIVING,11619,2024-04-04 09:16:01.190,NULL,NULL,1
915,NULL,98,CUSTOMERS,11619,2024-04-04 09:16:16.813,NULL,NULL,1
916,NULL,98,CUSTOMERS - NEW CUSTOMER,11619,2024-04-04 09:16:31.667,NULL,NULL,1
917,NULL,98,CUSTOMERS - INFO,11619,2024-04-04 09:16:47.797,NULL,NULL,1
918,NULL,98,CUSTOMERS - MAP,11619,2024-04-04 09:17:03.883,NULL,NULL,1
919,NULL,98,CUSTOMERS - AR PAYMENT,11619,2024-04-04 09:17:17.883,NULL,NULL,1
920,NULL,98,CUSTOMERS - TRANSACT,11619,2024-04-04 09:17:30.027,NULL,NULL,1
921,NULL,98,TRANSACTION,11619,2024-04-04 09:17:43.200,NULL,NULL,1
922,NULL,98,MISC - TRANSACTION OF THE DAY,11619,2024-04-04 09:18:01.400,NULL,NULL,1
923,NULL,98,MISC - FUEL REPORTS,11619,2024-04-04 09:18:39.247,NULL,NULL,1
924,NULL,98,MISC - INCIDENT REPORTS,11619,2024-04-04 09:18:55.033,NULL,NULL,1
925,NULL,98,MISC - VIEW RETURNS,11619,2024-04-04 09:19:12.580,NULL,NULL,1
926,NULL,98,MISC - VIEW PRICELIST,11619,2024-04-04 09:19:27.363,NULL,NULL,1
927,NULL,98,MISC - VIEW COMMERCIAL LIST,11619,2024-04-04 09:19:42.743,NULL,NULL,1
928,NULL,107,WIFI MODEM,11887,2024-04-04 09:19:48.497,11887,2024-10-14 13:48:51.190,0
929,NULL,98,MISC - VIEW PRODUCT INFO,11619,2024-04-04 09:19:57.793,NULL,NULL,1
930,NULL,98,MISC - DAILY SALES REPORT,11619,2024-04-04 09:20:10.393,NULL,NULL,1
931,NULL,98,MISC - MUST CARRY REPORT,11619,2024-04-04 09:20:23.747,NULL,NULL,1
932,NULL,98,MISC - NOT BUYING CUSTOMER REPORT,11619,2024-04-04 09:20:45.693,NULL,NULL,1
933,NULL,98,MISC - END TRANSCATION,11619,2024-04-04 09:21:04.007,NULL,NULL,1
934,NULL,98,DEPOSITS,11619,2024-04-04 09:21:16.220,NULL,NULL,1
935,NULL,98,ORDERING,11619,2024-04-04 09:21:26.257,NULL,NULL,1
936,NULL,98,ATTENDANCE,11619,2024-04-04 09:21:37.047,NULL,NULL,1
937,NULL,98,LOGOUT,11619,2024-04-04 09:21:48.530,NULL,NULL,1
938,NULL,104,HRIS-EMPLOYEE PORTAL (NORMAL USER),11019,2024-04-04 09:23:29.470,NULL,NULL,1
939,NULL,123,SALES REPORTS AND DASHBOARDS,43,2024-04-04 09:28:32.210,NULL,NULL,1
940,NULL,123,ACCOUNTING REPORTS AND DASHBOARDS,43,2024-04-04 09:28:52.003,NULL,NULL,1
941,NULL,123,MARKETING REPORTS AND DASHBOARDS,43,2024-04-04 09:29:09.147,NULL,NULL,1
942,NULL,123,LOGISTICS REPORTS AND DASHBOARDS,43,2024-04-04 09:29:24.507,NULL,NULL,1
943,NULL,123,HR REPORTS AND DASHBOARDS,43,2024-04-04 09:30:15.563,NULL,NULL,1
944,NULL,123,MAINTENANCE REPORTS AND DASHBOARDS,43,2024-04-04 09:30:40.947,NULL,NULL,1
945,NULL,98,DEVICE - HARDWARE,11619,2024-04-04 09:31:26.703,NULL,NULL,1
946,NULL,98,DEVICE - SOFTWARE,11619,2024-04-04 09:31:39.023,NULL,NULL,1
947,NULL,98,"DEVICE - ACCESSORIES ",11619,2024-04-04 09:32:23.717,NULL,NULL,1
948,NULL,98,DATABASE,11619,2024-04-04 09:32:34.480,NULL,NULL,1
949,NULL,118,OTP,11619,2024-04-04 09:34:19.810,NULL,NULL,1
950,NULL,123,RAW DATA,43,2024-04-04 09:34:44.040,NULL,NULL,1
951,NULL,108,ET - PRODUCT MAINTENANCE,11887,2024-04-04 09:40:12.197,11887,2024-05-13 09:42:51.210,1
952,NULL,93,TENDER PAYMENTS,11887,2024-04-04 17:05:15.713,NULL,NULL,1
953,NULL,104,HRIS-DATABASE SERVER,11019,2024-04-05 08:10:09.973,NULL,NULL,1
954,NULL,104,HRIS-APACHE SERVER,11019,2024-04-05 08:10:21.560,NULL,NULL,1
955,NULL,109,ET SERVER,11887,2024-04-05 16:10:55.237,11887,2024-04-25 10:09:50.790,1
956,NULL,85,MICROSOFT 0365,10892,2024-04-09 15:14:01.117,NULL,NULL,1
957,NULL,125,CONVERGE,10892,2024-04-09 15:15:14.960,NULL,NULL,1
958,NULL,125,PLDT,10892,2024-04-09 15:15:26.197,NULL,NULL,1
959,NULL,125,RADIUS,10892,2024-04-09 15:15:39.347,NULL,NULL,1
960,NULL,125,FIREWALL,10892,2024-04-09 15:15:48.053,NULL,NULL,1
961,NULL,84,COMPUTER AND LAPTOPS,10892,2024-04-09 15:16:37.930,NULL,NULL,1
962,NULL,85,EMAIL,10892,2024-04-09 15:19:33.153,NULL,NULL,1
963,NULL,125,DOMAINS,10892,2024-04-09 15:19:56.580,NULL,NULL,1
964,NULL,125,SYNOLOGY,10892,2024-04-10 10:48:56.683,NULL,NULL,1
965,NULL,84,UPS,11689,2024-04-10 15:57:56.150,NULL,NULL,1
966,NULL,106,RED FIBER,11887,2024-04-11 09:16:30.250,11887,2024-04-25 09:45:27.660,0
967,NULL,106,PLDT,11887,2024-04-11 09:16:41.580,11887,2024-04-25 09:45:44.420,0
968,NULL,124,DELIVERY EXTRACTOR APP,11887,2024-04-11 09:32:42.530,NULL,NULL,1
969,NULL,93,CIMS POS,11887,2024-04-11 09:46:23.153,NULL,NULL,1
970,NULL,108,CIMS POS,11887,2024-04-11 09:49:08.170,NULL,NULL,1
971,NULL,111,SMART/GLOBE,11887,2024-04-11 10:50:52.257,11887,2024-04-16 17:16:49.290,1
972,NULL,111,PLDT,11887,2024-04-11 10:51:34.670,11887,2024-07-09 16:26:35.713,0
973,NULL,111,RED FIBER,11887,2024-04-11 10:51:41.707,11887,2024-10-14 13:48:20.520,0
974,NULL,108,DTM,11887,2024-04-11 10:54:02.167,11887,2024-04-25 10:11:48.287,1
975,NULL,107,POLE DISPLAY,11887,2024-04-11 10:55:22.270,NULL,NULL,1
976,NULL,93,CASH OUT,11887,2024-04-11 10:56:51.870,NULL,NULL,1
977,NULL,85,OPERATING SYSTEM,11689,2024-04-13 09:54:59.247,NULL,NULL,1
978,NULL,126,FACT REPORTS,11887,2024-04-15 09:01:27.560,11887,2024-05-07 09:05:47.953,1
979,NULL,108,CIMS APPS,11887,2024-04-16 09:48:10.383,NULL,NULL,1
980,NULL,108,DELIVERY EXTRACTOR,11887,2024-04-18 07:38:50.207,11887,2024-04-25 10:15:41.453,0
981,NULL,126,"FACT ",11887,2024-04-18 07:44:27.193,11887,2024-05-07 09:05:34.583,1
982,NULL,105,LSBIZ PORTAL,11887,2024-04-18 07:47:41.683,11887,2024-04-26 14:30:34.667,0
983,NULL,107,UPS,11887,2024-04-18 15:03:04.547,NULL,NULL,1
984,NULL,85,SYNOLOGY,11689,2024-04-19 07:12:44.673,NULL,NULL,1
985,NULL,108,ET - CUSTOMER MAINTENANCE,11887,2024-04-19 07:26:09.860,11887,2024-05-13 09:42:33.043,1
986,NULL,108,ET - BACK OFFICE MAINTENANCE,11887,2024-04-19 07:30:50.740,11887,2024-05-13 09:42:12.183,1
987,NULL,93,RECEIPT,11887,2024-04-19 14:36:37.603,NULL,NULL,1
988,NULL,93,PAID OUT,11887,2024-04-19 14:44:32.117,11887,2024-07-10 14:05:03.107,1
989,NULL,85,OFFICE 2016,11689,2024-04-23 08:22:45.637,NULL,NULL,1
990,NULL,127,BROKEN SCREEN,10684,2024-04-25 08:13:25.780,NULL,NULL,1
991,NULL,127,BLOATED BATTERY,10684,2024-04-25 08:30:49.670,NULL,NULL,1
992,NULL,127,HANG DEVICE,10684,2024-04-25 08:30:54.443,NULL,NULL,1
993,NULL,127,BROKEN CAMERA,10684,2024-04-25 08:30:59.453,NULL,NULL,1
994,NULL,127,BLACK OUT SCREEN,10684,2024-04-25 08:31:05.260,NULL,NULL,1
995,NULL,127,FAST DRAIN BATTERY,10684,2024-04-25 08:31:11.227,NULL,NULL,1
996,NULL,127,SAFE MODE,10684,2024-04-25 08:31:19.087,NULL,NULL,1
997,NULL,127,LOST DEVICE,10684,2024-04-25 08:31:25.460,NULL,NULL,1
998,NULL,127,STOLEN DEVICE,10684,2024-04-25 08:31:30.477,NULL,NULL,1
999,NULL,127,NO SIGNAL,10684,2024-04-25 08:31:35.573,NULL,NULL,1
1000,NULL,127,ROBBED DEVICE,10684,2024-04-25 08:31:41.187,NULL,NULL,1
1001,NULL,127,BLINKING DEVICE,10684,2024-04-25 08:31:48.870,NULL,NULL,1
1002,NULL,127,DIDN'T POWER ON,10684,2024-04-25 08:31:54.197,NULL,NULL,1
1003,NULL,127,NOT CHARGING,10684,2024-04-25 08:31:59.283,NULL,NULL,1
1004,NULL,127,WATER DAMAGE,10684,2024-04-25 08:32:04.240,NULL,NULL,1
1005,NULL,127,HARD TOUCH,10684,2024-04-25 08:32:08.530,NULL,NULL,1
1006,NULL,128,BROKEN SCREEN,10684,2024-04-25 08:32:16.430,NULL,NULL,1
1007,NULL,128,BLOATED BATTERY,10684,2024-04-25 08:32:24.683,NULL,NULL,1
1008,NULL,128,HANG DEVICE,10684,2024-04-25 08:32:29.553,NULL,NULL,1
1009,NULL,128,BROKEN CAMERA,10684,2024-04-25 08:32:35.117,NULL,NULL,1
1010,NULL,128,BLACK OUT SCREEN,10684,2024-04-25 08:32:40.033,NULL,NULL,1
1011,NULL,128,FAST DRAIN BATTERY,10684,2024-04-25 08:32:45.220,NULL,NULL,1
1012,NULL,128,SAFE MODE,10684,2024-04-25 08:32:49.697,NULL,NULL,1
1013,NULL,128,LOST DEVICE,10684,2024-04-25 08:32:55.127,NULL,NULL,1
1014,NULL,128,STOLEN DEVICE,10684,2024-04-25 08:32:59.477,NULL,NULL,1
1015,NULL,128,NO SIGNAL,10684,2024-04-25 08:33:03.600,NULL,NULL,1
1016,NULL,128,ROBBED DEVICE,10684,2024-04-25 08:33:07.927,NULL,NULL,1
1017,NULL,128,BLINKING DEVICE,10684,2024-04-25 08:33:14.173,NULL,NULL,1
1018,NULL,128,DIDN'T POWER ON,10684,2024-04-25 08:33:20.880,NULL,NULL,1
1019,NULL,128,NOT CHARGING,10684,2024-04-25 08:38:41.843,NULL,NULL,1
1020,NULL,128,WATER DAMAGE,10684,2024-04-25 08:38:46.617,NULL,NULL,1
1021,NULL,128,HARD TOUCH,10684,2024-04-25 08:38:51.263,NULL,NULL,1
1022,NULL,129,BROKEN SCREEN,10684,2024-04-25 08:38:57.273,NULL,NULL,1
1023,NULL,129,BLOATED BATTERY,10684,2024-04-25 08:39:03.777,NULL,NULL,1
1024,NULL,129,HANG DEVICE,10684,2024-04-25 08:39:09.197,NULL,NULL,1
1025,NULL,129,BROKEN CAMERA,10684,2024-04-25 08:39:16.130,NULL,NULL,1
1026,NULL,129,BLACK OUT SCREEN,10684,2024-04-25 08:39:20.100,NULL,NULL,1
1027,NULL,129,FAST DRAIN BATTERY,10684,2024-04-25 08:39:24.287,NULL,NULL,1
1028,NULL,129,SAFE MODE,10684,2024-04-25 08:39:28.680,NULL,NULL,1
1029,NULL,129,LOST DEVICE,10684,2024-04-25 08:39:34.243,NULL,NULL,1
1030,NULL,129,STOLEN DEVICE,10684,2024-04-25 08:41:40.483,NULL,NULL,1
1031,NULL,129,NO SIGNAL,10684,2024-04-25 08:42:14.540,NULL,NULL,1
1032,NULL,129,ROBBED DEVICE,10684,2024-04-25 08:42:21.187,NULL,NULL,1
1033,NULL,129,BLINKING DEVICE,10684,2024-04-25 08:42:40.160,NULL,NULL,1
1034,NULL,129,DIDN'T POWER ON,10684,2024-04-25 08:42:45.490,NULL,NULL,1
1035,NULL,129,NOT CHARGING,10684,2024-04-25 08:42:50.310,NULL,NULL,1
1036,NULL,129,WATER DAMAGE,10684,2024-04-25 08:42:54.887,NULL,NULL,1
1037,NULL,129,HARD TOUCH,10684,2024-04-25 08:43:00.613,NULL,NULL,1
1038,NULL,130,PRINTHEAD NOT FOUND,10684,2024-04-25 08:43:38.350,NULL,NULL,1
1039,NULL,130,STOLEN PRINTER,10684,2024-04-25 08:43:47.523,NULL,NULL,1
1040,NULL,130,LOST PRINTER,10684,2024-04-25 08:43:53.113,NULL,NULL,1
1041,NULL,130,BROKEN PRINTER,10684,2024-04-25 08:43:58.043,NULL,NULL,1
1042,NULL,130,DEFFECTIVE PRINTER,10684,2024-04-25 08:44:03.443,NULL,NULL,1
1043,NULL,130,BROKEN BATTERY CLIP,10684,2024-04-25 08:44:08.883,NULL,NULL,1
1044,NULL,130,NOT PRINTING,10684,2024-04-25 08:44:13.393,NULL,NULL,1
1045,NULL,130,LOOSE PRINTER,10684,2024-04-25 08:44:18.470,NULL,NULL,1
1046,NULL,109,DELIVERY EXTRACTOR,11887,2024-04-25 09:06:00.657,11887,2024-04-25 09:59:16.970,0
1047,NULL,131,GCASH,11887,2024-04-25 09:52:32.420,NULL,NULL,1
1048,NULL,131,PAYMAYA,11887,2024-04-25 09:52:42.593,NULL,NULL,1
1049,NULL,109,ET SERVER,11887,2024-04-25 09:58:20.237,11887,2024-04-25 10:10:59.253,0
1050,NULL,107,MONITOR,11887,2024-04-25 10:02:55.820,NULL,NULL,1
1051,NULL,86,FACT,11887,2024-04-25 10:23:25.670,11887,2024-10-14 13:47:56.257,1
1052,NULL,107,FOOD PANDA DEVICE,11887,2024-04-25 14:32:25.977,11887,2024-10-14 13:46:55.260,0
1053,NULL,132,NO DATA BUT HAVE CALL & TEXT LOAD,10684,2024-04-27 08:10:58.527,NULL,NULL,1
1054,NULL,132,"NO DATA, CALL & TEXT",10684,2024-04-27 08:11:11.730,NULL,NULL,1
1055,NULL,107,TABLET,11887,2024-05-02 08:05:05.193,11887,2024-10-14 13:46:46.063,0
1056,NULL,107,GRAB DEVICE,11887,2024-05-03 09:53:02.203,11887,2024-10-14 13:46:33.307,0
1057,NULL,95,RETURN TRANSACTIONS PROBLEM,10684,2024-05-06 14:08:13.763,NULL,NULL,1
1058,NULL,133,OTHERS,11528,2024-05-08 17:09:30.917,NULL,NULL,1
1059,NULL,84,SCANNER,11689,2024-05-11 07:51:45.130,NULL,NULL,1
1060,NULL,125,GLOBE,11592,2024-05-16 09:41:11.803,NULL,NULL,1
1061,NULL,84,STARLINK,10892,2024-05-16 10:10:27.890,NULL,NULL,1
1062,NULL,111,RADIUS,10893,2024-05-17 21:26:12.337,NULL,NULL,1
1063,NULL,107,LAPTOP,10893,2024-05-27 09:26:17.703,NULL,NULL,1
1064,NULL,130,PRINTING PROBLEM,10684,2024-05-27 15:57:58.323,NULL,NULL,1
1065,NULL,107,POS,10893,2024-05-27 16:50:21.803,NULL,NULL,1
1066,NULL,111,CONVERGE,10893,2024-05-28 07:05:35.280,NULL,NULL,1
1067,NULL,106,INTERNET PROVIDER,11887,2024-05-28 07:13:11.210,11887,2024-05-28 07:16:11.100,0
1068,NULL,134,OPERATING SYSTEM,10893,2024-06-01 14:37:00.783,NULL,NULL,1
1069,NULL,111,GLOBE,10893,2024-06-04 10:47:19.573,NULL,NULL,1
1070,NULL,108,POS REPORTS,11887,2024-06-06 08:54:05.690,NULL,NULL,1
1071,NULL,133,BREAK START-BREAK END,11019,2024-06-13 13:49:01.357,NULL,NULL,1
1072,NULL,134,EMAIL,10893,2024-06-21 10:16:38.833,NULL,NULL,1
1073,NULL,134,"MICROSOFT OFFICE ",10893,2024-06-21 10:18:11.897,NULL,NULL,1
1074,NULL,134,SOFTWARE APPLICATION,10893,2024-06-21 10:18:42.833,NULL,NULL,1
1075,NULL,107,MOBILE PHONE,10893,2024-06-21 13:51:43.660,NULL,NULL,1
1076,NULL,87,REQUEST REDOWNLOAD,10684,2024-06-26 07:29:32.490,10684,2024-07-11 14:12:13.360,0
1077,NULL,129,OTHERS,10684,2024-06-27 07:26:19.670,NULL,NULL,1
1078,NULL,135,PROMOS,10684,2024-07-01 09:31:21.473,NULL,NULL,1
1079,NULL,135,ORDERING CONCERN,10684,2024-07-01 09:32:41.020,10684,2024-07-01 14:10:55.850,1
1080,NULL,135,ORDER HISTORY,10684,2024-07-01 09:32:55.050,NULL,NULL,1
1081,NULL,135,ALL MODULES,10684,2024-07-01 09:33:04.937,NULL,NULL,1
1082,NULL,136,TIME-IN/TIME-OUT,11019,2024-07-09 15:42:28.613,NULL,NULL,1
1083,NULL,111,"PLDT ",11887,2024-07-09 16:27:57.807,11887,2024-07-09 16:28:58.833,0
1084,NULL,93,PAID IN,11887,2024-07-09 16:30:18.800,NULL,NULL,1
1085,NULL,108,PURCHASING,11887,2024-07-09 16:32:12.077,NULL,NULL,1
1086,NULL,111,PLDT,10893,2024-07-09 16:48:26.013,NULL,NULL,1
1087,NULL,137,EXTRACT ATTENDANCE,11019,2024-07-09 16:51:43.737,NULL,NULL,1
1088,NULL,84,SERVER,10892,2024-07-15 07:08:12.240,NULL,NULL,1
1089,NULL,138,PAYMENT PROBLEM,10684,2024-07-22 17:43:52.743,NULL,NULL,1
1090,NULL,138,SO PROBLEM,10684,2024-07-22 17:46:24.277,NULL,NULL,1
1091,NULL,139,OTHERS,11887,2024-07-29 09:17:54.547,11887,2024-08-06 17:11:46.010,1
1092,NULL,139,REPLACEMENT,11887,2024-07-29 09:18:14.500,11887,2024-08-06 17:11:34.847,1
1093,NULL,139,REPAIR,11887,2024-07-29 09:18:30.027,11887,2024-08-06 17:11:23.643,1
1094,NULL,139,INSTALLATION,11887,2024-07-29 09:18:53.730,11887,2024-08-06 17:11:12.893,1
1095,NULL,139,CLEANING,11887,2024-07-29 09:19:13.033,11887,2024-08-06 17:10:54.867,1
1096,NULL,139,CHECK UP,11887,2024-07-29 09:19:31.850,11887,2024-08-06 17:10:43.000,1
1097,NULL,139,FOOD SAFETY CONCERN,11887,2024-07-29 09:19:54.843,11887,2024-08-06 17:10:21.000,1
1098,NULL,139,EGG ROOM (PRD2-PREM-EGG2),11887,2024-07-29 09:20:20.123,11887,2024-08-06 17:09:04.607,0
1099,NULL,139,TONELLI (PRD2-TONE),11887,2024-07-29 09:20:47.110,11887,2024-08-06 17:08:53.963,0
1100,NULL,139,WAREHOUSE,11887,2024-07-29 09:20:56.003,11887,2024-08-06 17:08:42.670,0
1101,NULL,139,ACCOUNTING,11887,2024-07-29 09:21:06.593,11887,2024-08-06 17:08:36.930,0
1102,NULL,139,CANTEEN (UTIL-LIBT-UTIL-CANT),11887,2024-07-29 09:21:39.013,11887,2024-08-06 17:08:30.687,0
1103,NULL,139,ENGINEERING BUILDING,11887,2024-07-29 09:21:53.047,11887,2024-08-06 17:07:30.327,0
1104,NULL,139,HRMD (UTIL-LIBT-HRDO),11887,2024-07-29 09:22:15.070,11887,2024-08-06 17:08:24.853,0
1105,NULL,139,LOGISTICS,11887,2024-07-29 09:22:23.943,11887,2024-08-06 17:08:19.623,0
1106,NULL,139,PURCHASING,11887,2024-07-29 09:22:33.427,11887,2024-08-06 17:08:13.990,0
1107,NULL,139,QUALITY (UTIL-LIBT-PRO1-QCDT),11887,2024-07-29 09:23:18.837,11887,2024-08-06 17:08:07.960,0
1108,NULL,139,RESEARCH & DEVELOPMENT (UTIL-LIBT-PRO1-REDE),11887,2024-07-29 09:23:53.843,11887,2024-08-06 17:08:01.307,0
1109,NULL,139,DEPOTS,11887,2024-07-29 09:24:01.630,11887,2024-08-06 17:07:52.530,0
1110,NULL,139,OTHERS,11887,2024-07-29 09:24:10.793,NULL,NULL,1
1111,NULL,107,"ROUTER ",10893,2024-08-02 09:51:13.953,NULL,NULL,1
1112,NULL,140,PAYMENT PROBLEM,10684,2024-08-02 10:18:00.150,NULL,NULL,1
1113,NULL,140,SO PROBLEM,10684,2024-08-02 10:18:27.937,NULL,NULL,1
1114,NULL,140,JOBS,10684,2024-08-02 10:18:52.930,NULL,NULL,1
1115,NULL,141,FOLDER,10684,2024-08-08 13:31:00.227,NULL,NULL,1
1116,NULL,132,LOST,10684,2024-08-08 13:34:58.737,NULL,NULL,1
1117,NULL,142,SCANNER (TAP IN-TAP OUT),11019,2024-08-08 16:18:11.090,NULL,NULL,1
1118,NULL,143,DATE AND TIME,11019,2024-08-08 16:43:54.270,NULL,NULL,1
1119,NULL,107,FOR WARRANTY,10893,2024-08-09 10:05:17.787,NULL,NULL,1
1120,NULL,91,LOGIN,11019,2024-08-15 10:29:31.303,NULL,NULL,1
1121,NULL,144,PRODUCTION PLAN,11019,2024-08-15 10:35:40.353,NULL,NULL,1
1122,NULL,144,SCHEDULE PLOTTING (PROD),11019,2024-08-15 10:35:57.047,NULL,NULL,1
1123,NULL,144,PRODUCTION LINE MANNING,11019,2024-08-15 10:36:07.440,NULL,NULL,1
1124,NULL,144,SCHEDULE PLOTTING (OTHERS),11019,2024-08-15 10:36:48.617,NULL,NULL,1
1125,NULL,87,FICO,90,2024-08-26 14:13:00.150,NULL,NULL,1
1126,NULL,87,"PM ",90,2024-08-26 14:13:50.367,NULL,NULL,1
1127,NULL,87,LOCKING ENTRIES,90,2024-08-26 14:22:38.720,NULL,NULL,1
1128,NULL,87,"USER IDS ",90,2024-08-26 14:23:33.413,NULL,NULL,1
1129,NULL,145,"TRANSACTION (Projects, Daily Task)",11887,2024-10-10 10:08:31.813,11887,2024-10-10 10:19:47.510,1
1130,NULL,145,MAINTENANCE (Projects),11887,2024-10-10 10:08:47.930,11887,2024-10-10 10:19:30.900,1
1131,NULL,145,"REPORTS (Project Details, Gantt Chart, Daily Task)",11887,2024-10-10 10:08:56.877,11887,2024-10-10 10:18:43.560,1
1132,NULL,143,BIO ID ENROLLMENT,11019,2024-11-12 13:55:02.023,11019,2024-11-12 13:56:43.810,1
1133,NULL,142,EMPLOYEE INFORMATION,11019,2024-11-14 08:56:17.263,NULL,NULL,1
1134,NULL,146,DATABASE SERVER,11019,2024-11-19 14:29:27.130,NULL,NULL,1
1135,NULL,146,APACHE/WEB SERVER,11019,2024-11-19 14:29:40.040,NULL,NULL,1
1136,NULL,101,INSTALLATION OF HR MOBILE APP,11019,2024-12-26 17:42:18.910,NULL,NULL,1
1137,NULL,104,HRIS,11019,2024-12-26 18:29:51.830,NULL,NULL,1
1138,NULL,147,INVENTORY ACCEPTANCE,11619,2025-01-03 15:20:25.720,NULL,NULL,1
1139,NULL,147,LOGIN,11619,2025-01-03 15:20:44.617,NULL,NULL,1
1140,NULL,147,ATTENDANCE,11619,2025-01-03 15:20:58.607,NULL,NULL,1
1141,NULL,147,TRANSACTION,11619,2025-01-03 15:21:09.897,NULL,NULL,1
1142,NULL,147,PRINTING,11619,2025-01-03 15:23:56.003,NULL,NULL,1
1143,NULL,147,END TRANSACTION,11619,2025-01-03 15:24:09.060,NULL,NULL,1
1144,NULL,147,UPLOADING,11619,2025-01-03 15:24:23.970,NULL,NULL,1
1145,NULL,147,DOWNLOADING,11619,2025-01-03 15:24:30.880,NULL,NULL,1
1146,NULL,107,PC,10893,2025-01-12 11:52:31.210,10893,2025-01-12 12:11:51.610,0
1147,NULL,98,VARIANCE REPORT,11619,2025-01-21 07:19:51.987,NULL,NULL,1
1148,NULL,91,INSTALLATION OF SALESMAN APP,11019,2025-02-10 16:10:38.073,NULL,NULL,1
1149,NULL,104,TEST PORTAL- HRWEB,11019,2025-02-10 17:18:47.727,11019,2025-02-10 17:19:15.903,1
1150,NULL,100,SCHEDULE PLOTTING,11019,2025-03-10 09:30:35.773,NULL,NULL,1
1151,NULL,148,LOGIN,11019,2025-03-10 10:10:51.740,NULL,NULL,1
1152,NULL,142,MASTERDATA MAINTENANCE-EMP INFO,11019,2025-03-10 10:19:01.153,11019,2025-03-10 10:19:12.697,1
1153,NULL,42,MOUSE,10893,2025-03-17 13:38:03.400,NULL,NULL,1
1154,NULL,148,DETAILED ATTENDANCE SUMMARY (PROD),11019,2025-03-19 08:12:54.030,11019,2025-03-19 08:13:42.450,0
1155,NULL,144,DETAILED ATTENDANCE SUMMARY (PROD),11019,2025-03-19 08:14:05.357,NULL,NULL,1
1156,NULL,23,MECHANICAL/ELECTRICAL - TECH,74,2025-03-19 09:21:29.000,NULL,NULL,1
1157,NULL,149,SACK ASSIGN,74,2025-03-19 09:28:09.670,NULL,NULL,1
1158,NULL,149,BO GENERATE,74,2025-03-19 09:28:47.620,NULL,NULL,1
1159,NULL,149,IN TRANSIT BO,74,2025-03-19 09:29:02.733,NULL,NULL,1
1160,NULL,149,OTHERS,74,2025-03-19 09:29:14.183,NULL,NULL,1
1161,NULL,21,SHIPMENT COST,74,2025-03-19 09:31:16.357,NULL,NULL,1
1162,NULL,150,LOG IN,10684,2025-03-20 07:47:11.550,NULL,NULL,1
1163,NULL,82,INVENTORY,11619,2025-03-20 13:32:38.127,NULL,NULL,1
1164,NULL,33,NO ODOMETER READING,11619,2025-03-20 13:52:28.930,NULL,NULL,1
1165,NULL,98,NO ODOMETER READING,11619,2025-03-20 13:52:43.190,NULL,NULL,1
1166,NULL,151,TASK SCHEDULER (AUTO PROCESS DTR),11019,2025-03-27 09:55:39.827,NULL,NULL,1
1167,NULL,53,CUSTOMER SECTOR AND DISCOUNT APPROVAL,11619,2025-03-31 16:20:28.697,NULL,NULL,1
1168,NULL,118,CUSTOMER SECTOR AND DISCOUNT APPROVAL,11619,2025-03-31 16:20:56.497,NULL,NULL,1
1169,NULL,23,ISCADA_ICT,74,2025-04-02 07:42:09.430,74,2025-04-02 07:42:25.847,1
1170,NULL,42,TABLET,10893,2025-04-07 14:23:32.390,NULL,NULL,1
1171,NULL,21,OTHERS,90,2025-04-20 13:52:45.193,90,2025-04-21 13:54:06.770,1
1172,NULL,26,VIEW ATTENDANCE AND TKC,11019,2025-05-16 14:12:25.340,NULL,NULL,1
1173,NULL,35,DETAILED ATTENDANCE SUMMARY(DISER),11019,2025-05-28 15:53:15.040,NULL,NULL,1
1174,NULL,152,Temperature,11592,2025-08-06 08:50:06.763,11983,2025-08-26 13:19:19.433,1
1175,NULL,152,FAN MOTOR,11592,2025-08-06 08:50:29.993,11983,2025-08-26 13:18:02.993,1
1176,NULL,152,OTHERS,11592,2025-08-06 08:50:46.393,NULL,NULL,1
11174,NULL,10152,ACU,11843,2025-09-08 10:46:51.180,NULL,NULL,1
11175,NULL,10152,CCTV,11843,2025-09-08 10:47:02.490,NULL,NULL,1
11176,NULL,10152,CEILING LIGHT,11843,2025-09-08 10:47:17.960,NULL,NULL,1
11177,NULL,10152,DISPLAY CHILLER,11843,2025-09-08 10:47:28.723,NULL,NULL,1
11178,NULL,10152,DOOR,11843,2025-09-08 10:47:39.007,NULL,NULL,1
11179,NULL,10152,FAUCET,11843,2025-09-08 10:47:48.520,NULL,NULL,1
11180,NULL,10153,OTHERS,11842,2025-09-30 09:03:16.470,NULL,NULL,1
11181,NULL,10152,LEAK,11843,2025-10-01 09:12:56.630,NULL,NULL,1
11182,NULL,10152,REPAINT,11843,2025-10-01 09:13:07.570,NULL,NULL,1
11183,NULL,10152,ROLL UP,11843,2025-10-01 09:13:49.323,NULL,NULL,1
11184,NULL,10152,GLASS DOOR,21984,2025-10-09 09:53:21.803,NULL,NULL,1
11185,NULL,10152,OTHERS,11842,2025-10-23 09:39:37.797,NULL,NULL,1
11186,NULL,150,DATABASE FULL,11843,2025-11-06 14:07:30.233,NULL,NULL,1
11187,29,NULL,SAP,11843,2025-12-17 14:55:19.497,NULL,NULL,1
11188,29,NULL,ONLINE ORDERING,11843,2025-12-17 15:07:49.640,11843,2025-12-23 08:43:56.100,1
11189,40,NULL,ACU,11843,2025-12-17 15:10:35.660,NULL,NULL,1
11190,40,NULL,CCTV,11843,2025-12-17 15:10:44.770,NULL,NULL,1
11191,40,NULL,CEILING LIGHT,11843,2025-12-17 15:10:59.230,NULL,NULL,1
11192,40,NULL,DISPLAY CHILLER,11843,2025-12-17 15:11:55.097,NULL,NULL,1
11193,40,NULL,DOOR,11843,2025-12-17 15:12:05.597,NULL,NULL,1
11194,40,NULL,FAUCET,11843,2025-12-17 15:12:14.440,NULL,NULL,1
11195,40,NULL,LEAK,11843,2025-12-17 15:12:24.223,NULL,NULL,1
11196,40,NULL,REPAINT,11843,2025-12-17 15:12:32.970,NULL,NULL,1
11197,40,NULL,ROLL UP,11843,2025-12-17 15:12:48.430,NULL,NULL,1
11198,40,NULL,GLASS DOOR,11843,2025-12-17 15:12:56.613,NULL,NULL,1
11199,40,NULL,OTHERS,11843,2025-12-17 15:13:15.537,NULL,NULL,1
11200,29,NULL,OTHERS,11843,2025-12-17 15:13:25.613,11843,2025-12-23 08:43:56.103,1
11201,87,NULL,TEMPERATURE,11843,2025-12-17 15:13:50.363,NULL,NULL,1
11202,87,NULL,FAN MOTOR,11843,2025-12-17 15:13:59.283,NULL,NULL,1
11203,87,NULL,OTHERS,11843,2025-12-17 15:14:11.240,NULL,NULL,1
11204,42,NULL,MAINS,11843,2025-12-17 15:44:52.823,11843,2025-12-17 17:17:51.473,1
11205,42,NULL,DRINKS,11843,2025-12-17 15:45:08.340,11843,2025-12-17 17:17:51.470,1
11206,42,NULL,OTHERS,11843,2025-12-17 15:46:45.667,11843,2025-12-17 17:17:51.477,1
11207,42,NULL,DESSERTS,11843,2025-12-17 17:01:20.080,11843,2025-12-17 17:17:51.467,1
11208,81,NULL,OTHERS,11843,2025-12-17 17:12:14.977,NULL,NULL,1
11209,81,NULL,KFLOW,11843,2025-12-17 17:12:14.980,NULL,NULL,1
11210,42,NULL,LIQUOR,11843,2025-12-17 17:17:51.480,NULL,NULL,1
11211,29,NULL,PRINTER,11843,2025-12-23 08:00:39.273,11843,2025-12-23 08:43:56.097,1
11212,29,NULL,LAPTOP,11843,2025-12-23 08:00:52.180,11843,2025-12-23 08:43:56.093,1
11213,29,NULL,SAP-FC,11843,2025-12-23 08:43:56.100,NULL,NULL,1
11214,29,NULL,ASRS,11843,2025-12-23 08:43:56.107,NULL,NULL,1
11215,29,NULL,MPOS,11843,2025-12-23 08:43:56.110,NULL,NULL,1
11216,40,NULL,PARTS REPLACEMENT,11843,2025-12-29 07:38:07.480,NULL,NULL,1
11217,85,NULL,OTHERS,11843,2026-01-06 14:39:52.333,NULL,NULL,1
11218,29,NULL,POS,11843,2026-01-07 09:26:10.983,NULL,NULL,1
