ticket_number,summary,description,department_id,department_name,department_short_name,subcategory_id,subcategory_name,priority_id,requester_id,company_id,created_date,resolved_date,text
12232500002,FAN BLADES NOT ROTATING,FAN MOTOR BLADES HAS BEEN DESTROYED,87,Line Maintenance Department,LMD,11202,FAN MOTOR,,11980,5,2025-12-23 08:20:47.070000,2026-01-06 13:15:20.340000,"FAN BLADES NOT ROTATING
FAN MOTOR BLADES HAS BEEN DESTROYED"
12232500003,FAN BLADES NOT ROTATING,RAT BITE ON FAN BLADES,87,Line Maintenance Department,LMD,11202,FAN MOTOR,,11838,5,2025-12-23 10:00:52.553000,,"FAN BLADES NOT ROTATING
RAT BITE ON FAN BLADES"
12232500004,AIRCON,MAY TUMUTULONG TUBIG,87,Line Maintenance Department,LMD,11203,OTHERS,,11838,5,2025-12-23 13:53:12.600000,2026-01-12 17:16:49.047000,"AIRCON
MAY TUMUTULONG TUBIG"
12232500005,AIRCON,MAY TUMUTULO ULIT,87,Line Maintenance Department,LMD,11203,OTHERS,,11838,5,2025-12-23 14:00:52.617000,2026-01-12 16:04:31.420000,"AIRCON
MAY TUMUTULO ULIT"
12272500001,TANK WATER LEAK,TANK WATER LEAK MERON SA LINE 8,40,TSD - Engineering Department,TSD - Engineering,11195,LEAK,,11980,5,2025-12-27 09:13:12.247000,,"TANK WATER LEAK
TANK WATER LEAK MERON SA LINE 8"
12292500001,WIPER,PUDPUD NA,40,TSD - Engineering Department,TSD - Engineering,11216,PARTS REPLACEMENT,,11980,5,2025-12-29 08:21:05.177000,,"WIPER
PUDPUD NA"
12292500002,FAN BLADES NOT ROTATING,FAN BLADES NOT ROTATING SINCE YESTERDAY,87,Line Maintenance Department,LMD,11202,FAN MOTOR,,11980,5,2025-12-29 14:31:24.240000,2026-01-08 07:53:41.400000,"FAN BLADES NOT ROTATING
FAN BLADES NOT ROTATING SINCE YESTERDAY"
12292500004,TEMPERATURE OF THE MACHINE IS TOO HIGH,TEMPERATURE OF THE MACHINE IS TOO HIGH,87,Line Maintenance Department,LMD,11201,TEMPERATURE,,11980,5,2025-12-29 17:04:27.660000,2026-01-06 08:34:31.320000,"TEMPERATURE OF THE MACHINE IS TOO HIGH
TEMPERATURE OF THE MACHINE IS TOO HIGH"
01052600001,REPAIR WIRE WHISK,REPAIR WIRE WHISK,40,TSD - Engineering Department,TSD - Engineering,11199,OTHERS,,11980,5,2026-01-05 14:04:51.550000,,"REPAIR WIRE WHISK
REPAIR WIRE WHISK"
01072600003,AIRCON,INSTALL NEW AIRCON,87,Line Maintenance Department,LMD,11203,OTHERS,,11980,5,2026-01-07 09:37:23.460000,2026-01-07 09:40:07.907000,"AIRCON
INSTALL NEW AIRCON"
01122600001,TEST,TEST,85,Motorpool,Motorpool,11217,OTHERS,,11980,5,2026-01-12 09:31:02.150000,,"TEST
TEST"
01122600002,TUBO SA PAILWASHING,YUNG TUBO PO SA PAILWASHING SIRA AND NEED IREPAIR,87,Line Maintenance Department,LMD,11203,OTHERS,,11980,5,2026-01-12 17:22:45.177000,2026-01-13 08:08:13.187000,"TUBO SA PAILWASHING
YUNG TUBO PO SA PAILWASHING SIRA AND NEED IREPAIR"
01122600003,INSTALLATION OF TEMPORARY  LIGHT,INSTALLATION OF TEMPORARY  LIGHT,87,Line Maintenance Department,LMD,11203,OTHERS,,11980,5,2026-01-12 17:23:36.443000,2026-01-14 13:31:29.167000,"INSTALLATION OF TEMPORARY  LIGHT
INSTALLATION OF TEMPORARY  LIGHT"
01122600004,TAGAS NA TUBO,MAY TAGAS PO YUNG TUBO SA MAY PLANT 2 MALE CR,87,Line Maintenance Department,LMD,11203,OTHERS,,11980,5,2026-01-12 17:34:54.713000,2026-01-14 13:30:19.513000,"TAGAS NA TUBO
MAY TAGAS PO YUNG TUBO SA MAY PLANT 2 MALE CR"
01132600001,FOR REPAIR/ RIVET,FOR RIVET THE FLATFORM FOR WEIGHING SCALE,87,Line Maintenance Department,LMD,11203,OTHERS,,11980,5,2026-01-13 07:49:58.313000,2026-01-20 09:40:07.227000,"FOR REPAIR/ RIVET
FOR RIVET THE FLATFORM FOR WEIGHING SCALE"
01142600001,MAY TULO ANG TUBO,MAY TULO ANG TUBO  BAHA NA DITO,87,Line Maintenance Department,LMD,11203,OTHERS,,11980,5,2026-01-14 07:40:45.813000,2026-01-14 13:24:41.743000,"MAY TULO ANG TUBO
MAY TULO ANG TUBO  BAHA NA DITO"
01142600002,NAWAWALA ANG MOTOR,WALANG MOTOR ANG FAN,87,Line Maintenance Department,LMD,11202,FAN MOTOR,,11980,5,2026-01-14 07:49:24.963000,2026-01-14 13:23:11.813000,"NAWAWALA ANG MOTOR
WALANG MOTOR ANG FAN"
01142600003,FAN BLADES NOT ROTATING,FAN BLADES NOT ROTATING SINCE YESTERDAY,87,Line Maintenance Department,LMD,11202,FAN MOTOR,,11980,5,2026-01-14 09:36:46.473000,2026-01-14 13:22:03.123000,"FAN BLADES NOT ROTATING
FAN BLADES NOT ROTATING SINCE YESTERDAY"
01142600005,TUBO SA PAILWASHING,YUNG TUBO PO SA PAILWASHING SIRA AND NEED IREPAIR,87,Line Maintenance Department,LMD,11203,OTHERS,,11980,5,2026-01-14 10:18:10.843000,2026-01-20 09:38:55.453000,"TUBO SA PAILWASHING
YUNG TUBO PO SA PAILWASHING SIRA AND NEED IREPAIR"
01142600007,MAY TULO ANG TUBO,MAY TULO ANG TUBO  BAHA NA DITO,87,Line Maintenance Department,LMD,11203,OTHERS,,11980,5,2026-01-14 14:04:33.113000,2026-01-20 09:37:37.030000,"MAY TULO ANG TUBO
MAY TULO ANG TUBO  BAHA NA DITO"
01142600008,NAWAWALA ANG MOTOR,WALANG MOTOR ANG FAN,87,Line Maintenance Department,LMD,11202,FAN MOTOR,,11980,5,2026-01-14 14:29:38.663000,2026-01-20 09:36:53.927000,"NAWAWALA ANG MOTOR
WALANG MOTOR ANG FAN"
01142600009,MAY TULO ANG TUBO,MAY TULO ANG TUBO  BAHA NA DITO,87,Line Maintenance Department,LMD,11203,OTHERS,,11980,5,2026-01-14 14:43:56.450000,2026-01-20 09:35:04.390000,"MAY TULO ANG TUBO
MAY TULO ANG TUBO  BAHA NA DITO"
01142600010,NAWAWALA ANG MOTOR,WALANG MOTOR ANG FAN,87,Line Maintenance Department,LMD,11202,FAN MOTOR,,11980,5,2026-01-14 14:44:58.660000,2026-01-15 09:03:28.410000,"NAWAWALA ANG MOTOR
WALANG MOTOR ANG FAN"
01142600011,FAN BLADES NOT ROTATING,FAN BLADES NOT ROTATING SINCE YESTERDAY,87,Line Maintenance Department,LMD,11202,FAN MOTOR,,11980,5,2026-01-14 14:45:49.453000,2026-01-15 09:01:38.423000,"FAN BLADES NOT ROTATING
FAN BLADES NOT ROTATING SINCE YESTERDAY"
01152600001,RELOCATION /TRANSFER,REQUEST FOR RELOCATION OF CRUMBS PULVERISER,87,Line Maintenance Department,LMD,11203,OTHERS,,11980,5,2026-01-15 08:47:46.957000,2026-01-15 09:00:19.503000,"RELOCATION /TRANSFER
REQUEST FOR RELOCATION OF CRUMBS PULVERISER"
01152600002,CLEANING OF AIRCON,AIRCON CLEANING DUE TO RELEASE OF FOUL SMELL,87,Line Maintenance Department,LMD,11203,OTHERS,,11980,5,2026-01-15 08:48:36.833000,2026-01-20 09:15:59.727000,"CLEANING OF AIRCON
AIRCON CLEANING DUE TO RELEASE OF FOUL SMELL"
01152600003,FUSE REPLACEMENT IN HEATER,FUSE REPLACEMENT IN HEATER AT LINE 7 DEPOSITING,87,Line Maintenance Department,LMD,11203,OTHERS,,11980,5,2026-01-15 08:49:36.527000,2026-01-20 09:10:46.790000,"FUSE REPLACEMENT IN HEATER
FUSE REPLACEMENT IN HEATER AT LINE 7 DEPOSITING"
01152600004,REPLACEMENT OF NUT OF MULTIPACK,BROKEN NUTS IN MULTIPACK 3 CONVEYOR,87,Line Maintenance Department,LMD,11203,OTHERS,,11980,5,2026-01-15 08:50:38.660000,2026-01-15 08:56:55.613000,"REPLACEMENT OF NUT OF MULTIPACK
BROKEN NUTS IN MULTIPACK 3 CONVEYOR"
01152600005,GLASS SHELVES IN CONFERENCE ROOM,NATANGGAL PO YUNG SALAMIN NA NAKAKABIT AS SHELVES SA CONFERENCE ROOM. DI MAIPASOK NG MAAYOS DAHIL TUMATAMA DUN SA BRACKET NYA,87,Line Maintenance Department,LMD,11203,OTHERS,,11980,5,2026-01-15 08:51:25.363000,2026-01-20 09:09:22.113000,"GLASS SHELVES IN CONFERENCE ROOM
NATANGGAL PO YUNG SALAMIN NA NAKAKABIT AS SHELVES SA CONFERENCE ROOM. DI MAIPASOK NG MAAYOS DAHIL TUMATAMA DUN SA BRACKET NYA"
01152600006,NAWAWALA ANG MOTOR,WALANG MOTOR ANG FAN,87,Line Maintenance Department,LMD,11202,FAN MOTOR,,11980,5,2026-01-15 14:06:12.137000,2026-01-20 09:56:13.927000,"NAWAWALA ANG MOTOR
WALANG MOTOR ANG FAN"
01152600007,FAN BLADES NOT ROTATING,FAN BLADES NOT ROTATING SINCE YESTERDAY,87,Line Maintenance Department,LMD,11202,FAN MOTOR,,11980,5,2026-01-15 14:06:35.980000,2026-01-20 09:47:22.363000,"FAN BLADES NOT ROTATING
FAN BLADES NOT ROTATING SINCE YESTERDAY"
01162600001,RELOCATION /TRANSFER,REQUEST FOR RELOCATION OF CRUMBS PULVERISER,87,Line Maintenance Department,LMD,11203,OTHERS,,11980,5,2026-01-16 09:03:58.757000,2026-01-20 09:41:51.247000,"RELOCATION /TRANSFER
REQUEST FOR RELOCATION OF CRUMBS PULVERISER"
01162600003,PUNDING ILAW,ILAW PO SA LABAS NG PAILWASHING PUNDIDO NA PO,87,Line Maintenance Department,LMD,11203,OTHERS,,11980,5,2026-01-16 09:29:26.050000,2026-01-16 09:35:27.120000,"PUNDING ILAW
ILAW PO SA LABAS NG PAILWASHING PUNDIDO NA PO"
01192600001,FAN BLADES NOT ROTATING,AYAW UMIKOT KAHAPON PA,87,Line Maintenance Department,LMD,11203,OTHERS,,11980,5,2026-01-19 10:15:00.287000,,"FAN BLADES NOT ROTATING
AYAW UMIKOT KAHAPON PA"
01192600002,PUNDING ILAW,ILAW PO SA LABAS NG PAILWASHING PUNDIDO NA PO,87,Line Maintenance Department,LMD,11203,OTHERS,,11980,5,2026-01-19 10:17:44.663000,,"PUNDING ILAW
ILAW PO SA LABAS NG PAILWASHING PUNDIDO NA PO"
01192600003,FAN BLADES NOT ROTATING,FAN BLADES NOT ROTATING SINCE YESTERDAY,87,Line Maintenance Department,LMD,11203,OTHERS,,11980,5,2026-01-19 10:54:27.683000,,"FAN BLADES NOT ROTATING
FAN BLADES NOT ROTATING SINCE YESTERDAY"
01192600004,MAY TULO ANG TUBO,MAY TULO ANG TUBO  BAHA NA DITO,87,Line Maintenance Department,LMD,11203,OTHERS,,11980,5,2026-01-19 10:59:36.197000,,"MAY TULO ANG TUBO
MAY TULO ANG TUBO  BAHA NA DITO"
01192600005,CLEANING OF AIRCON,AIRCON CLEANING DUE TO RELEASE OF FOUL SMELL,87,Line Maintenance Department,LMD,11203,OTHERS,,11980,5,2026-01-19 11:03:58.343000,,"CLEANING OF AIRCON
AIRCON CLEANING DUE TO RELEASE OF FOUL SMELL"
01192600006,FAN BLADES NOT ROTATING,AYAW UMIKOT,87,Line Maintenance Department,LMD,11203,OTHERS,,11980,5,2026-01-19 13:13:07.577000,,"FAN BLADES NOT ROTATING
AYAW UMIKOT"
01192600007,MAY TULO,TUMUTULO ANG TUBO NG AIRCON BAHA NA DITO,87,Line Maintenance Department,LMD,11203,OTHERS,,11980,5,2026-01-19 13:30:48.900000,,"MAY TULO
TUMUTULO ANG TUBO NG AIRCON BAHA NA DITO"
01192600008,MAY TULO DITO SA ADMIN BUILDING,MAY TULO ANG AIRCON,87,Line Maintenance Department,LMD,11202,FAN MOTOR,,11980,5,2026-01-19 13:50:47.090000,,"MAY TULO DITO SA ADMIN BUILDING
MAY TULO ANG AIRCON"
01192600009,MAY TULO SA HR,MAY TULO AIRCON SA HR BUILDING,87,Line Maintenance Department,LMD,11203,OTHERS,,11980,5,2026-01-19 13:52:56,,"MAY TULO SA HR
MAY TULO AIRCON SA HR BUILDING"
01192600010,MAY SIRA DITO,SIRA LAHAT DITO PAKIAYOS NAMAN KASI LAHAT SIRA NANAMAN. PALAGI NALANG SIRA. BAKIT BA SIRA? SIRA NALANG PALAGI DITO. NASIRA NANAMAN PAKI HANAP ANG SIRA. PARA MAAYOS ANG MGA SIRA DITO KASI SIRA NANAMAN.,87,Line Maintenance Department,LMD,11203,OTHERS,,11980,5,2026-01-19 14:23:52.710000,,"MAY SIRA DITO
SIRA LAHAT DITO PAKIAYOS NAMAN KASI LAHAT SIRA NANAMAN. PALAGI NALANG SIRA. BAKIT BA SIRA? SIRA NALANG PALAGI DITO. NASIRA NANAMAN PAKI HANAP ANG SIRA. PARA MAAYOS ANG MGA SIRA DITO KASI SIRA NANAMAN."
01192600011,FAN BLADES NOT ROTATING,AYAW UMIKOT NG FAN BLADES. BAKIT PO AYAW UMIKOT? UMIIKOT NAMAN KANINA? BIGLA NALANG AYAW UMIKOT.,87,Line Maintenance Department,LMD,11203,OTHERS,,11980,5,2026-01-19 14:33:05.920000,2026-01-20 14:23:33.863000,"FAN BLADES NOT ROTATING
AYAW UMIKOT NG FAN BLADES. BAKIT PO AYAW UMIKOT? UMIIKOT NAMAN KANINA? BIGLA NALANG AYAW UMIKOT."
01192600012,FAN BLADES NOT ROTATING,AYAW UMIKOT NG FAN BLADES. BAKIT PO AYAW UMIKOT? UMIIKOT NAMAN KANINA? BIGLA NALANG AYAW UMIKOT.,87,Line Maintenance Department,LMD,11203,OTHERS,,11980,5,2026-01-19 14:37:21.597000,2026-01-20 14:22:36.030000,"FAN BLADES NOT ROTATING
AYAW UMIKOT NG FAN BLADES. BAKIT PO AYAW UMIKOT? UMIIKOT NAMAN KANINA? BIGLA NALANG AYAW UMIKOT."
01192600013,BASAG ANG ITLOG,BASAG NANAMAN,87,Line Maintenance Department,LMD,11203,OTHERS,,11980,5,2026-01-19 14:43:37.253000,2026-01-20 14:15:49.697000,"BASAG ANG ITLOG
BASAG NANAMAN"
01202600001,BASAG ANG ITLOG,BASAG NANAMAN,87,Line Maintenance Department,LMD,11203,OTHERS,,11980,5,2026-01-20 15:06:03.763000,,"BASAG ANG ITLOG
BASAG NANAMAN"
01202600002,MAY TULO ANG TUBO,MAY TULO ANG TUBO  BAHA NA DITO,87,Line Maintenance Department,LMD,11203,OTHERS,,11980,5,2026-01-20 16:53:54.480000,,"MAY TULO ANG TUBO
MAY TULO ANG TUBO  BAHA NA DITO"
01202600003,FAN BLADES NOT ROTATING,AYAW UMIKOT NG FAN BLADES. BAKIT PO AYAW UMIKOT? UMIIKOT NAMAN KANINA? BIGLA NALANG AYAW UMIKOT.,87,Line Maintenance Department,LMD,11203,OTHERS,,11980,5,2026-01-20 16:57:59.917000,2026-02-10 14:28:35.040000,"FAN BLADES NOT ROTATING
AYAW UMIKOT NG FAN BLADES. BAKIT PO AYAW UMIKOT? UMIIKOT NAMAN KANINA? BIGLA NALANG AYAW UMIKOT."
02022600001,MAY TULO ANG TUBO,MAY TULO ANG TUBO  BAHA NA DITO,87,Line Maintenance Department,LMD,11203,OTHERS,,11980,5,2026-02-02 13:26:37.417000,2026-02-10 13:43:22.307000,"MAY TULO ANG TUBO
MAY TULO ANG TUBO  BAHA NA DITO"
02022600002,ASDSAD,XZCXZCZXCZXCZ,40,TSD - Engineering Department,TSD - Engineering,11198,GLASS DOOR,,11980,5,2026-02-02 13:39:01.450000,2026-02-10 08:32:56.210000,"ASDSAD
XZCXZCZXCZXCZ"
02052600001,TEST KEN,SAMPLE DESC,87,Line Maintenance Department,LMD,11203,OTHERS,,11980,5,2026-02-05 14:45:30.990000,2026-02-10 13:23:44.753000,"TEST KEN
SAMPLE DESC"
02102600001,FAN BLADES NOT ROTATING,FAN IS NOT ROTATION,87,Line Maintenance Department,LMD,11203,OTHERS,,11983,5,2026-02-10 09:38:06.230000,2026-02-10 09:39:09.327000,"FAN BLADES NOT ROTATING
FAN IS NOT ROTATION"
02132600001,Test my tickets,testing,29,Information and Communications Technology Department,ICT,11213,SAP-FC,,21998,,2026-02-13 13:30:18.137000,,"Test my tickets
testing"
02132600002,test specialist,test,29,Information and Communications Technology Department,ICT,11200,OTHERS,,21998,,2026-02-13 14:57:48.150000,,"test specialist
test"
02132600003,sira laptop,sira,29,Information and Communications Technology Department,ICT,11212,LAPTOP,,21998,,2026-02-13 15:08:35.497000,,"sira laptop
sira"
03182600001,SAMPLE,TEST KEN,29,Information and Communications Technology Department,ICT,11218,POS,,11980,5,2026-03-18 13:33:08.897000,,"SAMPLE
TEST KEN"
03182600002,TEST FOR TSD,TSD DESC,29,Information and Communications Technology Department,ICT,11218,POS,,21998,5,2026-03-18 14:07:10.193000,,"TEST FOR TSD
TSD DESC"
03182600003,TEST LANG ULIT,SADSADASD,29,Information and Communications Technology Department,ICT,11218,POS,,21998,5,2026-03-18 14:49:22.260000,,"TEST LANG ULIT
SADSADASD"
03182600004,POS PROBLEM,POS DESC,29,Information and Communications Technology Department,ICT,11218,POS,,11980,5,2026-03-18 15:57:44.630000,,"POS PROBLEM
POS DESC"
03182600005,TEST1,TEST 1,29,Information and Communications Technology Department,ICT,11218,POS,,11980,5,2026-03-18 16:33:55.890000,,"TEST1
TEST 1"
05142600001,WALANG ITLOG,BASAG LAHAT,29,Information and Communications Technology Department,ICT,11188,ONLINE ORDERING,,11838,5,2026-05-14 15:16:21,2026-05-14 15:19:58.030000,"WALANG ITLOG
BASAG LAHAT"
05142600002,HELLO,THIS IS A TEST TICKET,29,Information and Communications Technology Department,ICT,11188,ONLINE ORDERING,,11838,5,2026-05-14 16:21:41.230000,,"HELLO
THIS IS A TEST TICKET"
05142600003,HELLO,THIS IS A TEST TICKET,29,Information and Communications Technology Department,ICT,11188,ONLINE ORDERING,,11838,5,2026-05-14 16:23:47.997000,,"HELLO
THIS IS A TEST TICKET"
05142600004,HELLO,TEST,29,Information and Communications Technology Department,ICT,11188,ONLINE ORDERING,,11838,5,2026-05-14 16:42:04.423000,,"HELLO
TEST"
05142600005,HELLO,TEST,29,Information and Communications Technology Department,ICT,11188,ONLINE ORDERING,,11838,5,2026-05-14 16:43:08.903000,,"HELLO
TEST"
05142600006,HELLO,THIS IS A TEST TICKET,29,Information and Communications Technology Department,ICT,11188,ONLINE ORDERING,,11838,5,2026-05-14 17:33:29.897000,,"HELLO
THIS IS A TEST TICKET"
05142600007,TEST KEN,THIS IS A TEST TICKET,29,Information and Communications Technology Department,ICT,11188,ONLINE ORDERING,,11838,5,2026-05-14 17:34:46.290000,,"TEST KEN
THIS IS A TEST TICKET"
05152600001,HELLO,TEST,29,Information and Communications Technology Department,ICT,11188,ONLINE ORDERING,,11838,5,2026-05-15 07:21:44.800000,,"HELLO
TEST"
05152600002,HELLO,TEST,29,Information and Communications Technology Department,ICT,11188,ONLINE ORDERING,,11838,5,2026-05-15 07:28:50.540000,,"HELLO
TEST"
05152600003,LABABO DRAINAGE PROBLEM,"THE USER IS EXPERIENCING ISSUES WITH THE DRAINAGE IN THEIR BATHROOM. THE AI INITIALLY SUGGESTED CHECKING FOR BLOCKAGES IN THE DRAINAGE, BUT THE USER CONFIRMED THAT THERE ARE NO OBSTRUCTIONS. THE AI THEN RECOMMENDED CONTACTING THE LIVE LEMON SQUARE HELPDESK STAFF FOR FURTHER ASSISTANCE AND A MORE THOROUGH INSPECTION OF THE DRAINAGE SYSTEM TO PROVIDE A PROPER SOLUTION TO THE PROBLEM.",29,Information and Communications Technology Department,ICT,11188,ONLINE ORDERING,,6,66,2026-05-15 08:05:44.590000,,"LABABO DRAINAGE PROBLEM
THE USER IS EXPERIENCING ISSUES WITH THE DRAINAGE IN THEIR BATHROOM. THE AI INITIALLY SUGGESTED CHECKING FOR BLOCKAGES IN THE DRAINAGE, BUT THE USER CONFIRMED THAT THERE ARE NO OBSTRUCTIONS. THE AI THEN RECOMMENDED CONTACTING THE LIVE LEMON SQUARE HELPDESK STAFF FOR FURTHER ASSISTANCE AND A MORE THOROUGH INSPECTION OF THE DRAINAGE SYSTEM TO PROVIDE A PROPER SOLUTION TO THE PROBLEM."
05152600004,HELLO,TEST,29,Information and Communications Technology Department,ICT,11188,ONLINE ORDERING,,11838,5,2026-05-15 08:12:57.167000,,"HELLO
TEST"
05152600005,LABABO DRAINAGE PROBLEM,"USER REPORTS DRAINAGE ISSUE IN THEIR BATHROOM. INITIAL TROUBLESHOOTING STEPS WERE TAKEN BY AI, INCLUDING CHECKING FOR BLOCKAGES IN THE DRAINAGE. HOWEVER, NO BLOCKAGES WERE FOUND. AI THEN ADVISED THE USER TO CONTACT LIVE SUPPORT FOR FURTHER ASSISTANCE AND A MORE THOROUGH INSPECTION OF THE DRAINAGE SYSTEM.",29,Information and Communications Technology Department,ICT,11188,ONLINE ORDERING,,6,66,2026-05-15 08:13:58.137000,,"LABABO DRAINAGE PROBLEM
USER REPORTS DRAINAGE ISSUE IN THEIR BATHROOM. INITIAL TROUBLESHOOTING STEPS WERE TAKEN BY AI, INCLUDING CHECKING FOR BLOCKAGES IN THE DRAINAGE. HOWEVER, NO BLOCKAGES WERE FOUND. AI THEN ADVISED THE USER TO CONTACT LIVE SUPPORT FOR FURTHER ASSISTANCE AND A MORE THOROUGH INSPECTION OF THE DRAINAGE SYSTEM."
05152600006,LABABO DRAINAGE PROBLEM,"USER REPORTS DRAINAGE ISSUE IN THEIR BATHROOM. INITIAL TROUBLESHOOTING STEPS WERE TAKEN BY AI, INCLUDING CHECKING FOR BLOCKAGES IN THE DRAINAGE. HOWEVER, NO BLOCKAGES WERE FOUND. AI THEN ADVISED THE USER TO CONTACT LIVE SUPPORT FOR FURTHER ASSISTANCE AND A MORE THOROUGH INSPECTION OF THE DRAINAGE SYSTEM.",29,Information and Communications Technology Department,ICT,11188,ONLINE ORDERING,,6,66,2026-05-15 08:19:52.103000,,"LABABO DRAINAGE PROBLEM
USER REPORTS DRAINAGE ISSUE IN THEIR BATHROOM. INITIAL TROUBLESHOOTING STEPS WERE TAKEN BY AI, INCLUDING CHECKING FOR BLOCKAGES IN THE DRAINAGE. HOWEVER, NO BLOCKAGES WERE FOUND. AI THEN ADVISED THE USER TO CONTACT LIVE SUPPORT FOR FURTHER ASSISTANCE AND A MORE THOROUGH INSPECTION OF THE DRAINAGE SYSTEM."
05152600007,DRAINAGE SA LABABO HINDI GUMAGANA,"ANG USER AY MAYROONG PROBLEMA SA DRAINAGE SA KANILANG LABABO NA HINDI GUMAGANA. ANG AI AY NAGBIGAY NG SOLUSYON NA TIGNAN KUNG MAY NAKALOD SA DRAINAGE, PERO ANG USER AY NAGSABI NA WALANG NAKALOD. ANG AI AY NAGBIGAY NG REKOMENDASYON NA KONTAKIN ANG LIVE LEMON SQUARE HELPDESK STAFF PARA SA TULONG AT MASUSING PAGTINGIN SA DRAINAGE.",29,Information and Communications Technology Department,ICT,11188,ONLINE ORDERING,,6,66,2026-05-15 08:24:56.543000,,"DRAINAGE SA LABABO HINDI GUMAGANA
ANG USER AY MAYROONG PROBLEMA SA DRAINAGE SA KANILANG LABABO NA HINDI GUMAGANA. ANG AI AY NAGBIGAY NG SOLUSYON NA TIGNAN KUNG MAY NAKALOD SA DRAINAGE, PERO ANG USER AY NAGSABI NA WALANG NAKALOD. ANG AI AY NAGBIGAY NG REKOMENDASYON NA KONTAKIN ANG LIVE LEMON SQUARE HELPDESK STAFF PARA SA TULONG AT MASUSING PAGTINGIN SA DRAINAGE."
05152600008,DRAINAGE SA LABABO HINDI GUMAGANA,"ANG USER AY MAY PROBLEMA SA DRAINAGE SA KANILANG LABABO. TINRY NA NILANG ALISIN ANG NAKALOD SA DRAINAGE, PERO WALA PA RIN. PINASOK NA NILA ANG TULONG NG AI, PERO HINDI PA RIN GUMAGANA. KAILANGAN NG MASUSING PAGTINGIN AT TULONG MULA SA LIVE LEMON SQUARE HELPDESK STAFF PARA MASOLUSYONAN ANG PROBLEMA.",29,Information and Communications Technology Department,ICT,11188,ONLINE ORDERING,,6,66,2026-05-15 08:32:20.093000,,"DRAINAGE SA LABABO HINDI GUMAGANA
ANG USER AY MAY PROBLEMA SA DRAINAGE SA KANILANG LABABO. TINRY NA NILANG ALISIN ANG NAKALOD SA DRAINAGE, PERO WALA PA RIN. PINASOK NA NILA ANG TULONG NG AI, PERO HINDI PA RIN GUMAGANA. KAILANGAN NG MASUSING PAGTINGIN AT TULONG MULA SA LIVE LEMON SQUARE HELPDESK STAFF PARA MASOLUSYONAN ANG PROBLEMA."
05152600009,DRAINAGE SA LABABO HINDI GUMAGANA,"ANG DRAINAGE SA AKING LABABO HINDI GUMAGANA. TINANONG KO KUNG MAY NAKALOD SA DRAINAGE, PERO WALA. PINAG-ARALAN NATIN ANG POSIBILIDAD NG BARADONG DRAINAGE. KAILANGAN KONG KONTAKIN ANG LIVE LEMON SQUARE HELPDESK STAFF PARA SA TULONG AT MASUSING PAGTINGIN SA DRAINAGE.",29,Information and Communications Technology Department,ICT,11188,ONLINE ORDERING,,6,66,2026-05-15 08:35:50.547000,,"DRAINAGE SA LABABO HINDI GUMAGANA
ANG DRAINAGE SA AKING LABABO HINDI GUMAGANA. TINANONG KO KUNG MAY NAKALOD SA DRAINAGE, PERO WALA. PINAG-ARALAN NATIN ANG POSIBILIDAD NG BARADONG DRAINAGE. KAILANGAN KONG KONTAKIN ANG LIVE LEMON SQUARE HELPDESK STAFF PARA SA TULONG AT MASUSING PAGTINGIN SA DRAINAGE."
05152600010,DRAINAGE SA LABABO HINDI GUMAGANA,"ANG CUSTOMER AY MAY PROBLEMA SA DRAINAGE SA KANILANG LABABO. TINANONG NAMIN KUNG MAY NAKALOD SA DRAINAGE, PERO ANG CUSTOMER AY SINABI NA WALANG NAKALAGAY. PINAG-ARALAN NAMIN ANG POSIBILIDAD NG BARADONG DRAINAGE AT NAG-UTOS NG PAG-ALIS NG NAKALOD, PERO DAHIL WALA, NAG-UTOS KAMI SA CUSTOMER NA KONTAKIN ANG LIVE LEMON SQUARE HELPDESK STAFF PARA SA TULONG AT MASUSING PAGTINGIN SA DRAINAGE.",29,Information and Communications Technology Department,ICT,11188,ONLINE ORDERING,,6,66,2026-05-15 08:39:34.230000,,"DRAINAGE SA LABABO HINDI GUMAGANA
ANG CUSTOMER AY MAY PROBLEMA SA DRAINAGE SA KANILANG LABABO. TINANONG NAMIN KUNG MAY NAKALOD SA DRAINAGE, PERO ANG CUSTOMER AY SINABI NA WALANG NAKALAGAY. PINAG-ARALAN NAMIN ANG POSIBILIDAD NG BARADONG DRAINAGE AT NAG-UTOS NG PAG-ALIS NG NAKALOD, PERO DAHIL WALA, NAG-UTOS KAMI SA CUSTOMER NA KONTAKIN ANG LIVE LEMON SQUARE HELPDESK STAFF PARA SA TULONG AT MASUSING PAGTINGIN SA DRAINAGE."
05152600011,LABABO DRAINAGE HINDI GUMAGANA,"ANG PROBLEMA AY NAGSIMULA NANG ANG USER AY NAG-REPORT NG HINDI GUMAGANGANG DRAINAGE SA KANILANG LABABO. TINANONG NAMIN KUNG MAY NAKALOD SA DRAINAGE, PERO ANG USER AY NAGSABI NA WALANG NAKALAGAY. PINAG-ARALAN NAMIN ANG POSIBILIDAD NA ANG PROBLEMA AY HINDI DAHIL SA NAKALOD SA DRAINAGE, KAYA'T KINONTRA KAMI NG USER NA MAKIPAG-UGNAY SA LIVE LEMON SQUARE HELPDESK STAFF PARA SA TULONG. ANG STAFF AY MAKAKAPAGBIGAY NG MASUSING PAGTINGIN AT TAMANG SOLUSYON SA PROBLEMA NG USER.",29,Information and Communications Technology Department,ICT,11188,ONLINE ORDERING,,6,66,2026-05-15 08:43:48.210000,,"LABABO DRAINAGE HINDI GUMAGANA
ANG PROBLEMA AY NAGSIMULA NANG ANG USER AY NAG-REPORT NG HINDI GUMAGANGANG DRAINAGE SA KANILANG LABABO. TINANONG NAMIN KUNG MAY NAKALOD SA DRAINAGE, PERO ANG USER AY NAGSABI NA WALANG NAKALAGAY. PINAG-ARALAN NAMIN ANG POSIBILIDAD NA ANG PROBLEMA AY HINDI DAHIL SA NAKALOD SA DRAINAGE, KAYA'T KINONTRA KAMI NG USER NA MAKIPAG-UGNAY SA LIVE LEMON SQUARE HELPDESK STAFF PARA SA TULONG. ANG STAFF AY MAKAKAPAGBIGAY NG MASUSING PAGTINGIN AT TAMANG SOLUSYON SA PROBLEMA NG USER."
05152600012,DRAINAGE SA LABABO HINDI GUMAGANA,HINDI GUMAGANA ANG DRAINAGE SA LABABO. NA-CHECK NA KUNG MAY BARA PERO WALA NAMAN NAKITA KAYA IN-ADVISE NA IPA-CHECK NA SA HELPDESK STAFF.,29,Information and Communications Technology Department,ICT,11188,ONLINE ORDERING,,6,66,2026-05-15 08:52:47.740000,,"DRAINAGE SA LABABO HINDI GUMAGANA
HINDI GUMAGANA ANG DRAINAGE SA LABABO. NA-CHECK NA KUNG MAY BARA PERO WALA NAMAN NAKITA KAYA IN-ADVISE NA IPA-CHECK NA SA HELPDESK STAFF."
05152600013,INTERNET CONNECTION ISSUE,ANG INTERNET CONNECTION SA LAPTOP NI MARJOHN SALOMON AY HINDI GUMAGANA. NA-CHECK NA ANG PAG-ACCESS SA GOOGLE.COM PERO WALA RING INTERNET. NA-ADVISE NA TIGNAN ANG ROUTER AT ETHERNET CABLE CONNECTION.,29,Information and Communications Technology Department,ICT,11188,ONLINE ORDERING,,6,66,2026-05-15 09:06:00.730000,,"INTERNET CONNECTION ISSUE
ANG INTERNET CONNECTION SA LAPTOP NI MARJOHN SALOMON AY HINDI GUMAGANA. NA-CHECK NA ANG PAG-ACCESS SA GOOGLE.COM PERO WALA RING INTERNET. NA-ADVISE NA TIGNAN ANG ROUTER AT ETHERNET CABLE CONNECTION."
05152600014,NASSAN ANG ITLOG?,BAKIT WALANG ITLOG?,29,Information and Communications Technology Department,ICT,11188,ONLINE ORDERING,,11838,5,2026-05-15 13:42:52.140000,,"NASSAN ANG ITLOG?
BAKIT WALANG ITLOG?"
05152600015,ANG DAMI NG ITLOG,SOBRA TAYO SA ITLOG,29,Information and Communications Technology Department,ICT,11188,ONLINE ORDERING,,11838,5,2026-05-15 13:54:46.473000,,"ANG DAMI NG ITLOG
SOBRA TAYO SA ITLOG"
05152600016,HELLO,TEST,29,Information and Communications Technology Department,ICT,11188,ONLINE ORDERING,,11838,5,2026-05-15 14:01:07.373000,,"HELLO
TEST"
05152600017,HELLO,TEST,29,Information and Communications Technology Department,ICT,11188,ONLINE ORDERING,,11838,5,2026-05-15 14:01:08.417000,,"HELLO
TEST"
05152600018,MISSING GUIDES INFORMATION,THE USER INQUIRED ABOUT GUIDES AND WAS REFERRED TO THE MANILA BULLETIN PUBLISHING CORPORATION RULES GUIDEBOOK. THE AI PROVIDED THE SOURCE OF THE RULES AND SUGGESTED CONTACTING LEGAL OR RELATED DEPARTMENTS FOR FURTHER ASSISTANCE.,29,Information and Communications Technology Department,ICT,11188,ONLINE ORDERING,,1,1,2026-05-15 14:14:38.573000,,"MISSING GUIDES INFORMATION
THE USER INQUIRED ABOUT GUIDES AND WAS REFERRED TO THE MANILA BULLETIN PUBLISHING CORPORATION RULES GUIDEBOOK. THE AI PROVIDED THE SOURCE OF THE RULES AND SUGGESTED CONTACTING LEGAL OR RELATED DEPARTMENTS FOR FURTHER ASSISTANCE."
05152600019,MISSING VEHICLE ISSUE,"THE USER REPORTED A MISSING VEHICLE. THE AI SUGGESTED CHECKING IF THERE'S A VEHICLE ASSIGNED TO THE USER AND INFORMING RELEVANT AUTHORITIES IF NOT. IF THE ISSUE PERSISTS, THE USER IS ADVISED TO CONTACT LIVE HELPDESK STAFF FOR FURTHER ASSISTANCE.",29,Information and Communications Technology Department,ICT,11188,ONLINE ORDERING,,1,1,2026-05-15 14:17:03.700000,,"MISSING VEHICLE ISSUE
THE USER REPORTED A MISSING VEHICLE. THE AI SUGGESTED CHECKING IF THERE'S A VEHICLE ASSIGNED TO THE USER AND INFORMING RELEVANT AUTHORITIES IF NOT. IF THE ISSUE PERSISTS, THE USER IS ADVISED TO CONTACT LIVE HELPDESK STAFF FOR FURTHER ASSISTANCE."
05152600020,NO INTERNET CONNECTION,"THE USER REPORTS NO INTERNET CONNECTION. THE AI INITIALLY SUGGESTED CHECKING THE INTERNET CONNECTION BY VISITING GOOGLE.COM, ENSURING THE ROUTER IS FUNCTIONING PROPERLY, AND VERIFYING THE ETHERNET CABLE CONNECTION. HOWEVER, THE ISSUE PERSISTS DESPITE FOLLOWING THESE STEPS. FURTHER ASSISTANCE IS REQUIRED FROM LIVE HELPDESK STAFF FOR A MORE DETAILED SOLUTION.",29,Information and Communications Technology Department,ICT,11188,ONLINE ORDERING,,11318,1,2026-05-15 14:24:30.050000,,"NO INTERNET CONNECTION
THE USER REPORTS NO INTERNET CONNECTION. THE AI INITIALLY SUGGESTED CHECKING THE INTERNET CONNECTION BY VISITING GOOGLE.COM, ENSURING THE ROUTER IS FUNCTIONING PROPERLY, AND VERIFYING THE ETHERNET CABLE CONNECTION. HOWEVER, THE ISSUE PERSISTS DESPITE FOLLOWING THESE STEPS. FURTHER ASSISTANCE IS REQUIRED FROM LIVE HELPDESK STAFF FOR A MORE DETAILED SOLUTION."
05152600021,HELLO,TEST,87,Line Maintenance Department,LMD,11188,Unknown,,11203,5,2026-05-15 14:43:37.683000,,"HELLO
TEST"
05152600022,HELLO,TEST,87,Line Maintenance Department,LMD,11188,Unknown,,11203,5,2026-05-15 14:43:59.853000,,"HELLO
TEST"
05152600023,HELLO,TEST,87,Line Maintenance Department,LMD,11203,OTHERS,,11818,5,2026-05-15 14:44:34.653000,,"HELLO
TEST"
05152600024,HELLO,TEST,29,Information and Communications Technology Department,ICT,11188,ONLINE ORDERING,,11838,5,2026-05-15 14:44:56.180000,,"HELLO
TEST"
05152600025,HELLO,TEST,29,Information and Communications Technology Department,ICT,11203,Unknown,,11838,5,2026-05-15 14:45:20.093000,,"HELLO
TEST"
05152600026,HELLO,TEST,28,Unknown,,11203,Unknown,,11838,5,2026-05-15 14:45:51.213000,,"HELLO
TEST"
05152600027,HEYY,TEST,2123,Unknown,,11203,Unknown,,11838,5,2026-05-15 14:46:10.437000,,"HEYY
TEST"
05152600028,HEYY,TEST,2123,Unknown,,11203,Unknown,,11838,5,2026-05-15 14:46:28.060000,,"HEYY
TEST"
05152600029,HEYY,TEST,11,Unknown,,11203,Unknown,,11838,5,2026-05-15 14:46:35.993000,,"HEYY
TEST"
05152600030,HEYY,TEST,23,Unknown,,11203,Unknown,,11838,5,2026-05-15 14:46:46.493000,,"HEYY
TEST"
05152600031,HEYY,TEST,29,Information and Communications Technology Department,ICT,11203,Unknown,,11838,5,2026-05-15 14:46:59.213000,,"HEYY
TEST"
05152600032,HEYY,TEST,31,Unknown,,11203,Unknown,,11838,5,2026-05-15 14:47:11.667000,,"HEYY
TEST"
05152600033,HEY323Y,TEST,31,Unknown,,11203,Unknown,,11838,5,2026-05-15 14:47:23.577000,,"HEY323Y
TEST"
05152600034,HEY323Y,TEST,87,Line Maintenance Department,LMD,11203,OTHERS,,11838,5,2026-05-15 14:47:48.947000,,"HEY323Y
TEST"
05152600035,HEY323Y,TEST,87,Line Maintenance Department,LMD,11203,OTHERS,,11838,5,2026-05-15 14:48:21.387000,,"HEY323Y
TEST"
05152600036,HEY323Y,TEST,29,Information and Communications Technology Department,ICT,11203,Unknown,,11838,5,2026-05-15 14:48:45,,"HEY323Y
TEST"
05152600037,HEY323Y,TEST,29,Information and Communications Technology Department,ICT,11203,Unknown,,11188,5,2026-05-15 14:49:12.167000,,"HEY323Y
TEST"
05152600038,HEY323Y,TEST,29,Information and Communications Technology Department,ICT,11188,ONLINE ORDERING,,11838,5,2026-05-15 14:49:24.993000,,"HEY323Y
TEST"
05152600039,HEY323Y,TEST,29,Information and Communications Technology Department,ICT,11203,Unknown,,11838,5,2026-05-15 14:49:51.417000,,"HEY323Y
TEST"
